output_file,content_file,style_file,part,model_name,temperature,content_score,time_pitch_diff,onset.duration,onset.velocity,onset.drum_drums,copy_original_drums_x,style_name,content_name,copy_original_drums_y,human_content_similarity,human_style_similarity,human_quality,comments,orig_csv_name,Unnamed: 4
Synthwave #6 in A.mapped.Chorus-Synthwave #6 in A.mapped.Chorus.DV_T01.mid,Synthwave #6 in A.mapped.Chorus.mid,Synthwave #6 in A.mapped.Chorus.mid,Chorus,Drums and Velocity,0.1,0.5886854505449355,0.5475838623222373,0.7220590921555078,0.5633411611819428,,False,Synthwave #6 in A.mapped,Synthwave #6 in A.mapped,True,1.0,1.0,1.0,Not Music,Temparature 0.01 Self_Blend (Mapped),
Synthwave #6 in A.mapped.Chorus-Synthwave #6 in A.mapped.Chorus.DV_T01.mid,Synthwave #6 in A.mapped.Chorus.mid,Synthwave #6 in A.mapped.Chorus.mid,Chorus,Drums and Velocity,0.1,0.5886854505449355,0.5475838623222373,0.7220590921555078,0.5633411611819428,,False,Synthwave #6 in A.mapped,Synthwave #6 in A.mapped,False,3.0,5.0,5.0,Great but had one wrong chord !,Temparature 0.1 Self_Blend (with varitented drum),
Synthwave #6 in A.mapped.Chorus-Synthwave #6 in A.mapped.Chorus.DV_T01_orig_drums.mid,Synthwave #6 in A.mapped.Chorus.mid,Synthwave #6 in A.mapped.Chorus.mid,Chorus,Drums and Velocity,0.1,0.2469069129641355,0.5624826394734393,0.7380546922466562,0.5720235477487134,,True,Synthwave #6 in A.mapped,Synthwave #6 in A.mapped,True,1.0,1.0,1.0,Not Music,Temparature 0.01 Self_Blend (Mapped),
Synthwave #6 in A.mapped.Chorus-Synthwave #6 in A.mapped.Chorus.DV_T01_orig_drums.mid,Synthwave #6 in A.mapped.Chorus.mid,Synthwave #6 in A.mapped.Chorus.mid,Chorus,Drums and Velocity,0.1,0.2469069129641355,0.5624826394734393,0.7380546922466562,0.5720235477487134,,True,Synthwave #6 in A.mapped,Synthwave #6 in A.mapped,False,3.0,5.0,5.0,Great but had one wrong chord !,Temparature 0.1 Self_Blend (with varitented drum),
Synthwave #6 in A.mapped.Verse-Synthwave #6 in A.mapped.Verse.DV_T01.mid,Synthwave #6 in A.mapped.Verse.mid,Synthwave #6 in A.mapped.Verse.mid,Verse,Drums and Velocity,0.1,0.7082753344911371,0.9258935649335824,0.70332483137695,0.5233634709613357,,False,Synthwave #6 in A.mapped,Synthwave #6 in A.mapped,True,3.0,3.0,2.0,Not Musical whatsoever,Temparature 0.01 Self_Blend (Mapped),
Synthwave #6 in A.mapped.Verse-Synthwave #6 in A.mapped.Verse.DV_T01.mid,Synthwave #6 in A.mapped.Verse.mid,Synthwave #6 in A.mapped.Verse.mid,Verse,Drums and Velocity,0.1,0.7082753344911371,0.9258935649335824,0.70332483137695,0.5233634709613357,,False,Synthwave #6 in A.mapped,Synthwave #6 in A.mapped,False,3.0,2.0,2.0,Super repetitive nd had two wrong chords !,Temparature 0.1 Self_Blend (with varitented drum),
Synthwave #6 in A.mapped.Verse-Synthwave #6 in A.mapped.Verse.DV_T01_orig_drums.mid,Synthwave #6 in A.mapped.Verse.mid,Synthwave #6 in A.mapped.Verse.mid,Verse,Drums and Velocity,0.1,0.7179138947924989,0.9134298058017232,0.7712566569133452,0.5608307580822224,1.0,True,Synthwave #6 in A.mapped,Synthwave #6 in A.mapped,True,3.0,3.0,2.0,Not Musical whatsoever,Temparature 0.01 Self_Blend (Mapped),
Synthwave #6 in A.mapped.Verse-Synthwave #6 in A.mapped.Verse.DV_T01_orig_drums.mid,Synthwave #6 in A.mapped.Verse.mid,Synthwave #6 in A.mapped.Verse.mid,Verse,Drums and Velocity,0.1,0.7179138947924989,0.9134298058017232,0.7712566569133452,0.5608307580822224,1.0,True,Synthwave #6 in A.mapped,Synthwave #6 in A.mapped,False,3.0,2.0,2.0,Super repetitive nd had two wrong chords !,Temparature 0.1 Self_Blend (with varitented drum),
Alternative Hip Hop #2 in G#m.mapped.Chorus-Alternative Hip Hop #2 in G#m.mapped.Chorus.DV_T01.mid,Alternative Hip Hop #2 in G#m.mapped.Chorus.mid,Alternative Hip Hop #2 in G#m.mapped.Chorus.mid,Chorus,Drums and Velocity,0.1,0.0,,,,,False,Alternative Hip Hop #2 in G#m.mapped,Alternative Hip Hop #2 in G#m.mapped,False,5.0,3.0,3.0,Only Piano is playing,Temparature 0.1 Self_Blend (with varitented drum),
Alternative Hip Hop #2 in G#m.mapped.Chorus-Alternative Hip Hop #2 in G#m.mapped.Chorus.DV_T01_orig_drums.mid,Alternative Hip Hop #2 in G#m.mapped.Chorus.mid,Alternative Hip Hop #2 in G#m.mapped.Chorus.mid,Chorus,Drums and Velocity,0.1,0.0,,,,,True,Alternative Hip Hop #2 in G#m.mapped,Alternative Hip Hop #2 in G#m.mapped,False,5.0,3.0,3.0,Only Piano is playing,Temparature 0.1 Self_Blend (with varitented drum),
Synthwave #2 in Gm.mapped.Pre_Chorus-Synthwave #2 in Gm.mapped.Pre_Chorus.DV_T01.mid,Synthwave #2 in Gm.mapped.Pre_Chorus.mid,Synthwave #2 in Gm.mapped.Pre_Chorus.mid,Pre_Chorus,Drums and Velocity,0.1,0.8660610850004802,0.8939157490744687,0.6052708704052921,0.352985687610498,,False,Synthwave #2 in Gm.mapped,Synthwave #2 in Gm.mapped,True,4.0,3.0,3.0,Not accurate,Temparature 0.01 Self_Blend (Mapped),
Synthwave #2 in Gm.mapped.Pre_Chorus-Synthwave #2 in Gm.mapped.Pre_Chorus.DV_T01.mid,Synthwave #2 in Gm.mapped.Pre_Chorus.mid,Synthwave #2 in Gm.mapped.Pre_Chorus.mid,Pre_Chorus,Drums and Velocity,0.1,0.8660610850004802,0.8939157490744687,0.6052708704052921,0.352985687610498,,False,Synthwave #2 in Gm.mapped,Synthwave #2 in Gm.mapped,False,5.0,4.0,4.0,Good,Temparature 0.1 Self_Blend (with varitented drum),
Synthwave #2 in Gm.mapped.Pre_Chorus-Synthwave #2 in Gm.mapped.Pre_Chorus.DV_T01_orig_drums.mid,Synthwave #2 in Gm.mapped.Pre_Chorus.mid,Synthwave #2 in Gm.mapped.Pre_Chorus.mid,Pre_Chorus,Drums and Velocity,0.1,0.8585019697276701,0.9046384094536972,0.627844065335203,0.5045897921695109,,True,Synthwave #2 in Gm.mapped,Synthwave #2 in Gm.mapped,True,4.0,3.0,3.0,Not accurate,Temparature 0.01 Self_Blend (Mapped),
Synthwave #2 in Gm.mapped.Pre_Chorus-Synthwave #2 in Gm.mapped.Pre_Chorus.DV_T01_orig_drums.mid,Synthwave #2 in Gm.mapped.Pre_Chorus.mid,Synthwave #2 in Gm.mapped.Pre_Chorus.mid,Pre_Chorus,Drums and Velocity,0.1,0.8585019697276701,0.9046384094536972,0.627844065335203,0.5045897921695109,,True,Synthwave #2 in Gm.mapped,Synthwave #2 in Gm.mapped,False,5.0,4.0,4.0,Good,Temparature 0.1 Self_Blend (with varitented drum),
Alternative Hip Hop #2 in G#m.mapped.Verse-Alternative Hip Hop #2 in G#m.mapped.Verse.DV_T01.mid,Alternative Hip Hop #2 in G#m.mapped.Verse.mid,Alternative Hip Hop #2 in G#m.mapped.Verse.mid,Verse,Drums and Velocity,0.1,0.3890104525089748,0.4151756879334481,0.0999176314663112,0.4212092612881681,,False,Alternative Hip Hop #2 in G#m.mapped,Alternative Hip Hop #2 in G#m.mapped,True,1.0,1.0,1.0,Not Music,Temparature 0.01 Self_Blend (Mapped),
Alternative Hip Hop #2 in G#m.mapped.Verse-Alternative Hip Hop #2 in G#m.mapped.Verse.DV_T01.mid,Alternative Hip Hop #2 in G#m.mapped.Verse.mid,Alternative Hip Hop #2 in G#m.mapped.Verse.mid,Verse,Drums and Velocity,0.1,0.3890104525089748,0.4151756879334481,0.0999176314663112,0.4212092612881681,,False,Alternative Hip Hop #2 in G#m.mapped,Alternative Hip Hop #2 in G#m.mapped,False,5.0,5.0,4.0,Good,Temparature 0.1 Self_Blend (with varitented drum),
Alternative Hip Hop #2 in G#m.mapped.Verse-Alternative Hip Hop #2 in G#m.mapped.Verse.DV_T01_orig_drums.mid,Alternative Hip Hop #2 in G#m.mapped.Verse.mid,Alternative Hip Hop #2 in G#m.mapped.Verse.mid,Verse,Drums and Velocity,0.1,0.3435717050042722,0.480254088134733,0.1440142136666846,0.9000494546254187,1.0,True,Alternative Hip Hop #2 in G#m.mapped,Alternative Hip Hop #2 in G#m.mapped,True,1.0,1.0,1.0,Not Music,Temparature 0.01 Self_Blend (Mapped),
Alternative Hip Hop #2 in G#m.mapped.Verse-Alternative Hip Hop #2 in G#m.mapped.Verse.DV_T01_orig_drums.mid,Alternative Hip Hop #2 in G#m.mapped.Verse.mid,Alternative Hip Hop #2 in G#m.mapped.Verse.mid,Verse,Drums and Velocity,0.1,0.3435717050042722,0.480254088134733,0.1440142136666846,0.9000494546254187,1.0,True,Alternative Hip Hop #2 in G#m.mapped,Alternative Hip Hop #2 in G#m.mapped,False,5.0,5.0,4.0,Good,Temparature 0.1 Self_Blend (with varitented drum),
Synthwave #6 in A.mapped.Pre_Chorus-Synthwave #6 in A.mapped.Pre_Chorus.DV_T01.mid,Synthwave #6 in A.mapped.Pre_Chorus.mid,Synthwave #6 in A.mapped.Pre_Chorus.mid,Pre_Chorus,Drums and Velocity,0.1,0.570854170997124,0.8743126973992622,0.6398576097998262,0.4433690506894447,0.0414157683281291,False,Synthwave #6 in A.mapped,Synthwave #6 in A.mapped,True,2.0,3.0,1.0,Terrible,Temparature 0.01 Self_Blend (Mapped),
Synthwave #6 in A.mapped.Pre_Chorus-Synthwave #6 in A.mapped.Pre_Chorus.DV_T01.mid,Synthwave #6 in A.mapped.Pre_Chorus.mid,Synthwave #6 in A.mapped.Pre_Chorus.mid,Pre_Chorus,Drums and Velocity,0.1,0.570854170997124,0.8743126973992622,0.6398576097998262,0.4433690506894447,0.0414157683281291,False,Synthwave #6 in A.mapped,Synthwave #6 in A.mapped,False,5.0,4.0,4.0,Pretty Good,Temparature 0.1 Self_Blend (with varitented drum),
Synthwave #6 in A.mapped.Pre_Chorus-Synthwave #6 in A.mapped.Pre_Chorus.DV_T01_orig_drums.mid,Synthwave #6 in A.mapped.Pre_Chorus.mid,Synthwave #6 in A.mapped.Pre_Chorus.mid,Pre_Chorus,Drums and Velocity,0.1,0.5642241559619332,0.9262143378569496,0.7998472838163913,0.6548860700696475,1.0,True,Synthwave #6 in A.mapped,Synthwave #6 in A.mapped,True,2.0,3.0,1.0,Terrible,Temparature 0.01 Self_Blend (Mapped),
Synthwave #6 in A.mapped.Pre_Chorus-Synthwave #6 in A.mapped.Pre_Chorus.DV_T01_orig_drums.mid,Synthwave #6 in A.mapped.Pre_Chorus.mid,Synthwave #6 in A.mapped.Pre_Chorus.mid,Pre_Chorus,Drums and Velocity,0.1,0.5642241559619332,0.9262143378569496,0.7998472838163913,0.6548860700696475,1.0,True,Synthwave #6 in A.mapped,Synthwave #6 in A.mapped,False,5.0,4.0,4.0,Pretty Good,Temparature 0.1 Self_Blend (with varitented drum),
Synthwave #3 in Bb.mapped.Pre_Chorus-Synthwave #3 in Bb.mapped.Pre_Chorus.DV_T01.mid,Synthwave #3 in Bb.mapped.Pre_Chorus.mid,Synthwave #3 in Bb.mapped.Pre_Chorus.mid,Pre_Chorus,Drums and Velocity,0.1,0.5018488031803828,0.1399741712398936,0.0,0.415139043612998,0.0,False,Synthwave #3 in Bb.mapped,Synthwave #3 in Bb.mapped,True,2.0,2.0,1.0,Playing the same note,Temparature 0.01 Self_Blend (Mapped),
Synthwave #3 in Bb.mapped.Pre_Chorus-Synthwave #3 in Bb.mapped.Pre_Chorus.DV_T01.mid,Synthwave #3 in Bb.mapped.Pre_Chorus.mid,Synthwave #3 in Bb.mapped.Pre_Chorus.mid,Pre_Chorus,Drums and Velocity,0.1,0.5018488031803828,0.1399741712398936,0.0,0.415139043612998,0.0,False,Synthwave #3 in Bb.mapped,Synthwave #3 in Bb.mapped,False,5.0,5.0,5.0,Great !,Temparature 0.1 Self_Blend (with varitented drum),
Synthwave #3 in Bb.mapped.Pre_Chorus-Synthwave #3 in Bb.mapped.Pre_Chorus.DV_T01_orig_drums.mid,Synthwave #3 in Bb.mapped.Pre_Chorus.mid,Synthwave #3 in Bb.mapped.Pre_Chorus.mid,Pre_Chorus,Drums and Velocity,0.1,0.9926895721601614,0.1504814749664534,,0.583459965991578,1.0,True,Synthwave #3 in Bb.mapped,Synthwave #3 in Bb.mapped,True,2.0,2.0,1.0,Playing the same note,Temparature 0.01 Self_Blend (Mapped),
Synthwave #3 in Bb.mapped.Pre_Chorus-Synthwave #3 in Bb.mapped.Pre_Chorus.DV_T01_orig_drums.mid,Synthwave #3 in Bb.mapped.Pre_Chorus.mid,Synthwave #3 in Bb.mapped.Pre_Chorus.mid,Pre_Chorus,Drums and Velocity,0.1,0.9926895721601614,0.1504814749664534,,0.583459965991578,1.0,True,Synthwave #3 in Bb.mapped,Synthwave #3 in Bb.mapped,False,5.0,5.0,5.0,Great !,Temparature 0.1 Self_Blend (with varitented drum),
Alternative Hip Hop #2 in G#m.mapped.Pre_Chorus-Alternative Hip Hop #2 in G#m.mapped.Pre_Chorus.DV_T01.mid,Alternative Hip Hop #2 in G#m.mapped.Pre_Chorus.mid,Alternative Hip Hop #2 in G#m.mapped.Pre_Chorus.mid,Pre_Chorus,Drums and Velocity,0.1,0.3727042433536769,0.4766753377844941,0.1650573025996844,0.4175779578105828,,False,Alternative Hip Hop #2 in G#m.mapped,Alternative Hip Hop #2 in G#m.mapped,True,1.0,1.0,1.0,Not Music,Temparature 0.01 Self_Blend (Mapped),
Alternative Hip Hop #2 in G#m.mapped.Pre_Chorus-Alternative Hip Hop #2 in G#m.mapped.Pre_Chorus.DV_T01.mid,Alternative Hip Hop #2 in G#m.mapped.Pre_Chorus.mid,Alternative Hip Hop #2 in G#m.mapped.Pre_Chorus.mid,Pre_Chorus,Drums and Velocity,0.1,0.3727042433536769,0.4766753377844941,0.1650573025996844,0.4175779578105828,,False,Alternative Hip Hop #2 in G#m.mapped,Alternative Hip Hop #2 in G#m.mapped,False,5.0,4.0,4.0,Good,Temparature 0.1 Self_Blend (with varitented drum),
Alternative Hip Hop #2 in G#m.mapped.Pre_Chorus-Alternative Hip Hop #2 in G#m.mapped.Pre_Chorus.DV_T01_orig_drums.mid,Alternative Hip Hop #2 in G#m.mapped.Pre_Chorus.mid,Alternative Hip Hop #2 in G#m.mapped.Pre_Chorus.mid,Pre_Chorus,Drums and Velocity,0.1,0.2972196148076584,0.4784974870473817,0.2166353344330841,0.9285714285714286,1.0,True,Alternative Hip Hop #2 in G#m.mapped,Alternative Hip Hop #2 in G#m.mapped,True,1.0,1.0,1.0,Not Music,Temparature 0.01 Self_Blend (Mapped),
Alternative Hip Hop #2 in G#m.mapped.Pre_Chorus-Alternative Hip Hop #2 in G#m.mapped.Pre_Chorus.DV_T01_orig_drums.mid,Alternative Hip Hop #2 in G#m.mapped.Pre_Chorus.mid,Alternative Hip Hop #2 in G#m.mapped.Pre_Chorus.mid,Pre_Chorus,Drums and Velocity,0.1,0.2972196148076584,0.4784974870473817,0.2166353344330841,0.9285714285714286,1.0,True,Alternative Hip Hop #2 in G#m.mapped,Alternative Hip Hop #2 in G#m.mapped,False,5.0,4.0,4.0,Good,Temparature 0.1 Self_Blend (with varitented drum),
Synthwave #5 in Am.mapped.Pre_Chorus-Synthwave #5 in Am.mapped.Pre_Chorus.DV_T01.mid,Synthwave #5 in Am.mapped.Pre_Chorus.mid,Synthwave #5 in Am.mapped.Pre_Chorus.mid,Pre_Chorus,Drums and Velocity,0.1,0.7962284033701961,0.6804272686002861,0.0,0.6468853443815522,0.0,False,Synthwave #5 in Am.mapped,Synthwave #5 in Am.mapped,True,4.0,4.0,4.0,Good,Temparature 0.01 Self_Blend (Mapped),
Synthwave #5 in Am.mapped.Pre_Chorus-Synthwave #5 in Am.mapped.Pre_Chorus.DV_T01.mid,Synthwave #5 in Am.mapped.Pre_Chorus.mid,Synthwave #5 in Am.mapped.Pre_Chorus.mid,Pre_Chorus,Drums and Velocity,0.1,0.7962284033701961,0.6804272686002861,0.0,0.6468853443815522,0.0,False,Synthwave #5 in Am.mapped,Synthwave #5 in Am.mapped,False,5.0,5.0,5.0,Great !,Temparature 0.1 Self_Blend (with varitented drum),
Synthwave #5 in Am.mapped.Pre_Chorus-Synthwave #5 in Am.mapped.Pre_Chorus.DV_T01_orig_drums.mid,Synthwave #5 in Am.mapped.Pre_Chorus.mid,Synthwave #5 in Am.mapped.Pre_Chorus.mid,Pre_Chorus,Drums and Velocity,0.1,0.7848012984489758,0.7591033288181659,0.0455465926640443,0.6597094207669769,1.0,True,Synthwave #5 in Am.mapped,Synthwave #5 in Am.mapped,True,4.0,4.0,4.0,Good,Temparature 0.01 Self_Blend (Mapped),
Synthwave #5 in Am.mapped.Pre_Chorus-Synthwave #5 in Am.mapped.Pre_Chorus.DV_T01_orig_drums.mid,Synthwave #5 in Am.mapped.Pre_Chorus.mid,Synthwave #5 in Am.mapped.Pre_Chorus.mid,Pre_Chorus,Drums and Velocity,0.1,0.7848012984489758,0.7591033288181659,0.0455465926640443,0.6597094207669769,1.0,True,Synthwave #5 in Am.mapped,Synthwave #5 in Am.mapped,False,5.0,5.0,5.0,Great !,Temparature 0.1 Self_Blend (with varitented drum),
Synthwave #3 in Bb.mapped.Chorus-Synthwave #3 in Bb.mapped.Chorus.DV_T01.mid,Synthwave #3 in Bb.mapped.Chorus.mid,Synthwave #3 in Bb.mapped.Chorus.mid,Chorus,Drums and Velocity,0.1,0.8420783072638851,0.9130511580624492,0.7335942441674241,0.4455763617655999,0.0,False,Synthwave #3 in Bb.mapped,Synthwave #3 in Bb.mapped,True,,,,Only Drums cant tag it,Temparature 0.01 Self_Blend (Mapped),
Synthwave #3 in Bb.mapped.Chorus-Synthwave #3 in Bb.mapped.Chorus.DV_T01.mid,Synthwave #3 in Bb.mapped.Chorus.mid,Synthwave #3 in Bb.mapped.Chorus.mid,Chorus,Drums and Velocity,0.1,0.8420783072638851,0.9130511580624492,0.7335942441674241,0.4455763617655999,0.0,False,Synthwave #3 in Bb.mapped,Synthwave #3 in Bb.mapped,False,,,,Only Drums can't tag it,Temparature 0.1 Self_Blend (with varitented drum),
Synthwave #3 in Bb.mapped.Chorus-Synthwave #3 in Bb.mapped.Chorus.DV_T01_orig_drums.mid,Synthwave #3 in Bb.mapped.Chorus.mid,Synthwave #3 in Bb.mapped.Chorus.mid,Chorus,Drums and Velocity,0.1,0.8303774470167518,0.9384561333950884,0.6969221591763294,0.2801273595699247,1.0,True,Synthwave #3 in Bb.mapped,Synthwave #3 in Bb.mapped,True,,,,Only Drums cant tag it,Temparature 0.01 Self_Blend (Mapped),
Synthwave #3 in Bb.mapped.Chorus-Synthwave #3 in Bb.mapped.Chorus.DV_T01_orig_drums.mid,Synthwave #3 in Bb.mapped.Chorus.mid,Synthwave #3 in Bb.mapped.Chorus.mid,Chorus,Drums and Velocity,0.1,0.8303774470167518,0.9384561333950884,0.6969221591763294,0.2801273595699247,1.0,True,Synthwave #3 in Bb.mapped,Synthwave #3 in Bb.mapped,False,,,,Only Drums can't tag it,Temparature 0.1 Self_Blend (with varitented drum),
Synthwave #5 in Am.mapped.Chorus-Synthwave #5 in Am.mapped.Chorus.DV_T01.mid,Synthwave #5 in Am.mapped.Chorus.mid,Synthwave #5 in Am.mapped.Chorus.mid,Chorus,Drums and Velocity,0.1,0.838180821407029,0.8532079120089517,0.7007719041107642,0.3896349692124593,0.3966562521077694,False,Synthwave #5 in Am.mapped,Synthwave #5 in Am.mapped,True,4.0,3.0,3.0,Not Good enough,Temparature 0.01 Self_Blend (Mapped),
Synthwave #5 in Am.mapped.Chorus-Synthwave #5 in Am.mapped.Chorus.DV_T01.mid,Synthwave #5 in Am.mapped.Chorus.mid,Synthwave #5 in Am.mapped.Chorus.mid,Chorus,Drums and Velocity,0.1,0.838180821407029,0.8532079120089517,0.7007719041107642,0.3896349692124593,0.3966562521077694,False,Synthwave #5 in Am.mapped,Synthwave #5 in Am.mapped,False,3.0,2.0,2.0,Boring and not convincing musically  !,Temparature 0.1 Self_Blend (with varitented drum),
Synthwave #5 in Am.mapped.Chorus-Synthwave #5 in Am.mapped.Chorus.DV_T01_orig_drums.mid,Synthwave #5 in Am.mapped.Chorus.mid,Synthwave #5 in Am.mapped.Chorus.mid,Chorus,Drums and Velocity,0.1,0.9501863580067504,0.9928112799229036,0.8552854426662505,0.7598767061150848,1.0,True,Synthwave #5 in Am.mapped,Synthwave #5 in Am.mapped,True,4.0,3.0,3.0,Not Good enough,Temparature 0.01 Self_Blend (Mapped),
Synthwave #5 in Am.mapped.Chorus-Synthwave #5 in Am.mapped.Chorus.DV_T01_orig_drums.mid,Synthwave #5 in Am.mapped.Chorus.mid,Synthwave #5 in Am.mapped.Chorus.mid,Chorus,Drums and Velocity,0.1,0.9501863580067504,0.9928112799229036,0.8552854426662505,0.7598767061150848,1.0,True,Synthwave #5 in Am.mapped,Synthwave #5 in Am.mapped,False,3.0,2.0,2.0,Boring and not convincing musically  !,Temparature 0.1 Self_Blend (with varitented drum),
Synthwave #3 in Bb.mapped.Verse-Synthwave #3 in Bb.mapped.Verse.DV_T01.mid,Synthwave #3 in Bb.mapped.Verse.mid,Synthwave #3 in Bb.mapped.Verse.mid,Verse,Drums and Velocity,0.1,0.7197104810250711,0.9093488077750403,0.914432838603234,0.3109742719881023,0.0,False,Synthwave #3 in Bb.mapped,Synthwave #3 in Bb.mapped,True,3.0,2.0,2.0,Not musical amd super repetitive,Temparature 0.01 Self_Blend (Mapped),
Synthwave #3 in Bb.mapped.Verse-Synthwave #3 in Bb.mapped.Verse.DV_T01.mid,Synthwave #3 in Bb.mapped.Verse.mid,Synthwave #3 in Bb.mapped.Verse.mid,Verse,Drums and Velocity,0.1,0.7197104810250711,0.9093488077750403,0.914432838603234,0.3109742719881023,0.0,False,Synthwave #3 in Bb.mapped,Synthwave #3 in Bb.mapped,False,5.0,3.0,3.0,Too reptitive and not very musical,Temparature 0.1 Self_Blend (with varitented drum),
Synthwave #3 in Bb.mapped.Verse-Synthwave #3 in Bb.mapped.Verse.DV_T01_orig_drums.mid,Synthwave #3 in Bb.mapped.Verse.mid,Synthwave #3 in Bb.mapped.Verse.mid,Verse,Drums and Velocity,0.1,0.8887420145188051,0.9130530413639132,0.7940463816207163,0.3511855252704874,1.0,True,Synthwave #3 in Bb.mapped,Synthwave #3 in Bb.mapped,True,3.0,2.0,2.0,Not musical amd super repetitive,Temparature 0.01 Self_Blend (Mapped),
Synthwave #3 in Bb.mapped.Verse-Synthwave #3 in Bb.mapped.Verse.DV_T01_orig_drums.mid,Synthwave #3 in Bb.mapped.Verse.mid,Synthwave #3 in Bb.mapped.Verse.mid,Verse,Drums and Velocity,0.1,0.8887420145188051,0.9130530413639132,0.7940463816207163,0.3511855252704874,1.0,True,Synthwave #3 in Bb.mapped,Synthwave #3 in Bb.mapped,False,5.0,3.0,3.0,Too reptitive and not very musical,Temparature 0.1 Self_Blend (with varitented drum),
Synthwave #5 in Am.mapped.Verse-Synthwave #5 in Am.mapped.Verse.DV_T01.mid,Synthwave #5 in Am.mapped.Verse.mid,Synthwave #5 in Am.mapped.Verse.mid,Verse,Drums and Velocity,0.1,0.883484720023147,0.9352159345785036,0.9311145072677494,0.4490537687348095,0.211472883207241,False,Synthwave #5 in Am.mapped,Synthwave #5 in Am.mapped,True,2.0,2.0,2.0,Not Musical whatsoever,Temparature 0.01 Self_Blend (Mapped),
Synthwave #5 in Am.mapped.Verse-Synthwave #5 in Am.mapped.Verse.DV_T01.mid,Synthwave #5 in Am.mapped.Verse.mid,Synthwave #5 in Am.mapped.Verse.mid,Verse,Drums and Velocity,0.1,0.883484720023147,0.9352159345785036,0.9311145072677494,0.4490537687348095,0.211472883207241,False,Synthwave #5 in Am.mapped,Synthwave #5 in Am.mapped,False,3.0,1.0,1.0,Repetitve not organic and sounds wierd,Temparature 0.1 Self_Blend (with varitented drum),
Synthwave #5 in Am.mapped.Verse-Synthwave #5 in Am.mapped.Verse.DV_T01_orig_drums.mid,Synthwave #5 in Am.mapped.Verse.mid,Synthwave #5 in Am.mapped.Verse.mid,Verse,Drums and Velocity,0.1,0.8829556723826006,0.9369178122490066,0.9557102331333248,0.911153594361666,1.0,True,Synthwave #5 in Am.mapped,Synthwave #5 in Am.mapped,True,2.0,2.0,2.0,Not Musical whatsoever,Temparature 0.01 Self_Blend (Mapped),
Synthwave #5 in Am.mapped.Verse-Synthwave #5 in Am.mapped.Verse.DV_T01_orig_drums.mid,Synthwave #5 in Am.mapped.Verse.mid,Synthwave #5 in Am.mapped.Verse.mid,Verse,Drums and Velocity,0.1,0.8829556723826006,0.9369178122490066,0.9557102331333248,0.911153594361666,1.0,True,Synthwave #5 in Am.mapped,Synthwave #5 in Am.mapped,False,3.0,1.0,1.0,Repetitve not organic and sounds wierd,Temparature 0.1 Self_Blend (with varitented drum),
Synthwave #2 in Gm.mapped.Verse-Synthwave #2 in Gm.mapped.Verse.DV_T01.mid,Synthwave #2 in Gm.mapped.Verse.mid,Synthwave #2 in Gm.mapped.Verse.mid,Verse,Drums and Velocity,0.1,0.8097942993391637,0.862031758409125,0.4128805550016259,0.5894072047762181,0.0,False,Synthwave #2 in Gm.mapped,Synthwave #2 in Gm.mapped,True,2.0,1.0,1.0,Only Playing Piano,Temparature 0.01 Self_Blend (Mapped),
Synthwave #2 in Gm.mapped.Verse-Synthwave #2 in Gm.mapped.Verse.DV_T01_orig_drums.mid,Synthwave #2 in Gm.mapped.Verse.mid,Synthwave #2 in Gm.mapped.Verse.mid,Verse,Drums and Velocity,0.1,0.7797005327809955,0.8552996572440168,0.4365372732056541,0.8224416837798024,1.0,True,Synthwave #2 in Gm.mapped,Synthwave #2 in Gm.mapped,True,2.0,1.0,1.0,Only Playing Piano,Temparature 0.01 Self_Blend (Mapped),
Synthwave #2 in Gm.mapped.Chorus-Synthwave #2 in Gm.mapped.Chorus.DV_T01.mid,Synthwave #2 in Gm.mapped.Chorus.mid,Synthwave #2 in Gm.mapped.Chorus.mid,Chorus,Drums and Velocity,0.1,0.9114392083625998,0.8719753764050582,0.6313683059669715,0.5897957007101305,0.0,False,Synthwave #2 in Gm.mapped,Synthwave #2 in Gm.mapped,True,4.0,3.0,3.0,Not good enough,Temparature 0.01 Self_Blend (Mapped),
Synthwave #2 in Gm.mapped.Chorus-Synthwave #2 in Gm.mapped.Chorus.DV_T01.mid,Synthwave #2 in Gm.mapped.Chorus.mid,Synthwave #2 in Gm.mapped.Chorus.mid,Chorus,Drums and Velocity,0.1,0.9114392083625998,0.8719753764050582,0.6313683059669715,0.5897957007101305,0.0,False,Synthwave #2 in Gm.mapped,Synthwave #2 in Gm.mapped,False,5.0,5.0,5.0,Great !,Temparature 0.1 Self_Blend (with varitented drum),
Synthwave #2 in Gm.mapped.Chorus-Synthwave #2 in Gm.mapped.Chorus.DV_T01_orig_drums.mid,Synthwave #2 in Gm.mapped.Chorus.mid,Synthwave #2 in Gm.mapped.Chorus.mid,Chorus,Drums and Velocity,0.1,0.8783956491048529,0.91429017685509,0.7109835045167889,0.718593855885739,1.0,True,Synthwave #2 in Gm.mapped,Synthwave #2 in Gm.mapped,True,4.0,3.0,3.0,Not good enough,Temparature 0.01 Self_Blend (Mapped),
Synthwave #2 in Gm.mapped.Chorus-Synthwave #2 in Gm.mapped.Chorus.DV_T01_orig_drums.mid,Synthwave #2 in Gm.mapped.Chorus.mid,Synthwave #2 in Gm.mapped.Chorus.mid,Chorus,Drums and Velocity,0.1,0.8783956491048529,0.91429017685509,0.7109835045167889,0.718593855885739,1.0,True,Synthwave #2 in Gm.mapped,Synthwave #2 in Gm.mapped,False,5.0,5.0,5.0,Great !,Temparature 0.1 Self_Blend (with varitented drum),
Alternative Hip Hop #2 in G#m.mapped.Pre_Chorus-Alternative Hip Hop #2 in G#m.mapped.Pre_Chorus.DV_T001.mid,Alternative Hip Hop #2 in G#m.mapped.Pre_Chorus.mid,Alternative Hip Hop #2 in G#m.mapped.Pre_Chorus.mid,Pre_Chorus,Drums and Velocity,0.01,0.400517501088195,0.3985145053558727,0.1984401786202023,0.4280123601914517,,False,Alternative Hip Hop #2 in G#m.mapped,Alternative Hip Hop #2 in G#m.mapped,True,1.0,1.0,1.0,Not Music,Temparature 0.01 Self_Blend (Mapped),
Alternative Hip Hop #2 in G#m.mapped.Pre_Chorus-Alternative Hip Hop #2 in G#m.mapped.Pre_Chorus.DV_T001_orig_drums.mid,Alternative Hip Hop #2 in G#m.mapped.Pre_Chorus.mid,Alternative Hip Hop #2 in G#m.mapped.Pre_Chorus.mid,Pre_Chorus,Drums and Velocity,0.01,0.2972196148076584,0.4784974870473817,0.2166353344330841,0.9285714285714286,1.0,True,Alternative Hip Hop #2 in G#m.mapped,Alternative Hip Hop #2 in G#m.mapped,True,1.0,1.0,1.0,Not Music,Temparature 0.01 Self_Blend (Mapped),
Synthwave #5 in Am.mapped.Verse-Synthwave #5 in Am.mapped.Verse.DV_T001.mid,Synthwave #5 in Am.mapped.Verse.mid,Synthwave #5 in Am.mapped.Verse.mid,Verse,Drums and Velocity,0.01,0.8733166852700539,0.925791048834978,0.9127884367454852,0.530465749455436,0.2155490488688942,False,Synthwave #5 in Am.mapped,Synthwave #5 in Am.mapped,True,2.0,2.0,2.0,Too repetitive,Temparature 0.01 Self_Blend (Mapped),
Synthwave #5 in Am.mapped.Verse-Synthwave #5 in Am.mapped.Verse.DV_T001_orig_drums.mid,Synthwave #5 in Am.mapped.Verse.mid,Synthwave #5 in Am.mapped.Verse.mid,Verse,Drums and Velocity,0.01,0.8791409411141793,0.9299644389163888,0.9572892429132344,0.920557845642306,1.0,True,Synthwave #5 in Am.mapped,Synthwave #5 in Am.mapped,True,2.0,2.0,2.0,Too repetitive,Temparature 0.01 Self_Blend (Mapped),
Synthwave #6 in A.mapped.Pre_Chorus-Synthwave #6 in A.mapped.Pre_Chorus.DV_T001.mid,Synthwave #6 in A.mapped.Pre_Chorus.mid,Synthwave #6 in A.mapped.Pre_Chorus.mid,Pre_Chorus,Drums and Velocity,0.01,0.5797358077902562,0.8996817275216128,0.7536502022252854,0.4765214580419563,0.0414157683281291,False,Synthwave #6 in A.mapped,Synthwave #6 in A.mapped,True,2.0,3.0,2.0,Not Musical whatsoever,Temparature 0.01 Self_Blend (Mapped),
Synthwave #6 in A.mapped.Pre_Chorus-Synthwave #6 in A.mapped.Pre_Chorus.DV_T001_orig_drums.mid,Synthwave #6 in A.mapped.Pre_Chorus.mid,Synthwave #6 in A.mapped.Pre_Chorus.mid,Pre_Chorus,Drums and Velocity,0.01,0.5843610619490991,0.9348182145087048,0.8318595640672021,0.6788114815742204,1.0,True,Synthwave #6 in A.mapped,Synthwave #6 in A.mapped,True,2.0,3.0,2.0,Not Musical whatsoever,Temparature 0.01 Self_Blend (Mapped),
Alternative Hip Hop #2 in G#m.mapped.Verse-Alternative Hip Hop #2 in G#m.mapped.Verse.DV_T001.mid,Alternative Hip Hop #2 in G#m.mapped.Verse.mid,Alternative Hip Hop #2 in G#m.mapped.Verse.mid,Verse,Drums and Velocity,0.01,0.3528137125488783,0.3825332871100801,0.0972744202479561,0.492104233463609,0.0,False,Alternative Hip Hop #2 in G#m.mapped,Alternative Hip Hop #2 in G#m.mapped,True,5.0,3.0,2.0,Only One Instrument,Temparature 0.01 Self_Blend (Mapped),
Alternative Hip Hop #2 in G#m.mapped.Verse-Alternative Hip Hop #2 in G#m.mapped.Verse.DV_T001_orig_drums.mid,Alternative Hip Hop #2 in G#m.mapped.Verse.mid,Alternative Hip Hop #2 in G#m.mapped.Verse.mid,Verse,Drums and Velocity,0.01,0.3437502402466364,0.485237479878786,0.1555077477330403,0.9963570006414734,1.0,True,Alternative Hip Hop #2 in G#m.mapped,Alternative Hip Hop #2 in G#m.mapped,True,5.0,3.0,2.0,Only One Instrument,Temparature 0.01 Self_Blend (Mapped),
Synthwave #2 in Gm.mapped.Pre_Chorus-Synthwave #2 in Gm.mapped.Pre_Chorus.DV_T001.mid,Synthwave #2 in Gm.mapped.Pre_Chorus.mid,Synthwave #2 in Gm.mapped.Pre_Chorus.mid,Pre_Chorus,Drums and Velocity,0.01,0.8681217610030183,0.8931750221284384,0.6012958138654106,0.3669797627243673,,False,Synthwave #2 in Gm.mapped,Synthwave #2 in Gm.mapped,True,4.0,4.0,4.0,Good,Temparature 0.01 Self_Blend (Mapped),
Synthwave #2 in Gm.mapped.Pre_Chorus-Synthwave #2 in Gm.mapped.Pre_Chorus.DV_T001_orig_drums.mid,Synthwave #2 in Gm.mapped.Pre_Chorus.mid,Synthwave #2 in Gm.mapped.Pre_Chorus.mid,Pre_Chorus,Drums and Velocity,0.01,0.8584588646838596,0.9031284744375748,0.6285044626229389,0.5179871987791248,,True,Synthwave #2 in Gm.mapped,Synthwave #2 in Gm.mapped,True,4.0,4.0,4.0,Good,Temparature 0.01 Self_Blend (Mapped),
Synthwave #6 in A.mapped.Verse-Synthwave #6 in A.mapped.Verse.DV_T001.mid,Synthwave #6 in A.mapped.Verse.mid,Synthwave #6 in A.mapped.Verse.mid,Verse,Drums and Velocity,0.01,0.6364372208410882,0.9257913371916968,0.6538506934006261,0.4744961778664791,,False,Synthwave #6 in A.mapped,Synthwave #6 in A.mapped,True,3.0,4.0,3.0,Too Repetitive,Temparature 0.01 Self_Blend (Mapped),
Synthwave #6 in A.mapped.Verse-Synthwave #6 in A.mapped.Verse.DV_T001_orig_drums.mid,Synthwave #6 in A.mapped.Verse.mid,Synthwave #6 in A.mapped.Verse.mid,Verse,Drums and Velocity,0.01,0.6384139414862631,0.914146543262906,0.7421584466705186,0.5331094202919998,1.0,True,Synthwave #6 in A.mapped,Synthwave #6 in A.mapped,True,3.0,4.0,3.0,Too Repetitive,Temparature 0.01 Self_Blend (Mapped),
Alternative Hip Hop #2 in G#m.mapped.Chorus-Alternative Hip Hop #2 in G#m.mapped.Chorus.DV_T001.mid,Alternative Hip Hop #2 in G#m.mapped.Chorus.mid,Alternative Hip Hop #2 in G#m.mapped.Chorus.mid,Chorus,Drums and Velocity,0.01,0.0,,,,,False,Alternative Hip Hop #2 in G#m.mapped,Alternative Hip Hop #2 in G#m.mapped,True,5.0,3.0,3.0,Not Good enough,Temparature 0.01 Self_Blend (Mapped),
Alternative Hip Hop #2 in G#m.mapped.Chorus-Alternative Hip Hop #2 in G#m.mapped.Chorus.DV_T001_orig_drums.mid,Alternative Hip Hop #2 in G#m.mapped.Chorus.mid,Alternative Hip Hop #2 in G#m.mapped.Chorus.mid,Chorus,Drums and Velocity,0.01,0.0,,,,,True,Alternative Hip Hop #2 in G#m.mapped,Alternative Hip Hop #2 in G#m.mapped,True,5.0,3.0,3.0,Not Good enough,Temparature 0.01 Self_Blend (Mapped),
Synthwave #5 in Am.mapped.Chorus-Synthwave #5 in Am.mapped.Chorus.DV_T001.mid,Synthwave #5 in Am.mapped.Chorus.mid,Synthwave #5 in Am.mapped.Chorus.mid,Chorus,Drums and Velocity,0.01,0.8027020331831136,0.9031083920583806,0.6911895825629893,0.3635649315210868,0.3929676735983478,False,Synthwave #5 in Am.mapped,Synthwave #5 in Am.mapped,True,3.0,3.0,3.0,Too repetitive,Temparature 0.01 Self_Blend (Mapped),
Synthwave #5 in Am.mapped.Chorus-Synthwave #5 in Am.mapped.Chorus.DV_T001_orig_drums.mid,Synthwave #5 in Am.mapped.Chorus.mid,Synthwave #5 in Am.mapped.Chorus.mid,Chorus,Drums and Velocity,0.01,0.9229116166392122,0.9938513419375644,0.8520682260206002,0.7396416952147736,1.0,True,Synthwave #5 in Am.mapped,Synthwave #5 in Am.mapped,True,3.0,3.0,3.0,Too repetitive,Temparature 0.01 Self_Blend (Mapped),
Synthwave #3 in Bb.mapped.Verse-Synthwave #3 in Bb.mapped.Verse.DV_T001.mid,Synthwave #3 in Bb.mapped.Verse.mid,Synthwave #3 in Bb.mapped.Verse.mid,Verse,Drums and Velocity,0.01,0.714766461367625,0.9081353338674812,0.914432838603234,0.2619810087061803,0.0,False,Synthwave #3 in Bb.mapped,Synthwave #3 in Bb.mapped,True,2.0,2.0,1.0,Not Music,Temparature 0.01 Self_Blend (Mapped),
Synthwave #3 in Bb.mapped.Verse-Synthwave #3 in Bb.mapped.Verse.DV_T001_orig_drums.mid,Synthwave #3 in Bb.mapped.Verse.mid,Synthwave #3 in Bb.mapped.Verse.mid,Verse,Drums and Velocity,0.01,0.8817146438024261,0.9078692607660211,0.7940463816207163,0.2354994522029273,1.0,True,Synthwave #3 in Bb.mapped,Synthwave #3 in Bb.mapped,True,2.0,2.0,1.0,Not Music,Temparature 0.01 Self_Blend (Mapped),
Synthwave #3 in Bb.mapped.Pre_Chorus-Synthwave #3 in Bb.mapped.Pre_Chorus.DV_T001.mid,Synthwave #3 in Bb.mapped.Pre_Chorus.mid,Synthwave #3 in Bb.mapped.Pre_Chorus.mid,Pre_Chorus,Drums and Velocity,0.01,0.4807986368908087,0.0,0.0,0.3646624787447362,0.0,False,Synthwave #3 in Bb.mapped,Synthwave #3 in Bb.mapped,True,4.0,3.0,3.0,Not good Enough,Temparature 0.01 Self_Blend (Mapped),
Synthwave #3 in Bb.mapped.Pre_Chorus-Synthwave #3 in Bb.mapped.Pre_Chorus.DV_T001_orig_drums.mid,Synthwave #3 in Bb.mapped.Pre_Chorus.mid,Synthwave #3 in Bb.mapped.Pre_Chorus.mid,Pre_Chorus,Drums and Velocity,0.01,0.9926895721601614,0.1504814749664534,,0.583459965991578,1.0,True,Synthwave #3 in Bb.mapped,Synthwave #3 in Bb.mapped,True,4.0,3.0,3.0,Not good Enough,Temparature 0.01 Self_Blend (Mapped),
Synthwave #2 in Gm.mapped.Verse-Synthwave #2 in Gm.mapped.Verse.DV_T001.mid,Synthwave #2 in Gm.mapped.Verse.mid,Synthwave #2 in Gm.mapped.Verse.mid,Verse,Drums and Velocity,0.01,0.78554023430285,0.8643669652518033,0.4217192380715402,0.6047330692143431,0.0,False,Synthwave #2 in Gm.mapped,Synthwave #2 in Gm.mapped,True,3.0,,,,Temparature 0.01 Self_Blend (Mapped),
Synthwave #2 in Gm.mapped.Verse-Synthwave #2 in Gm.mapped.Verse.DV_T001_orig_drums.mid,Synthwave #2 in Gm.mapped.Verse.mid,Synthwave #2 in Gm.mapped.Verse.mid,Verse,Drums and Velocity,0.01,0.7685219105289183,0.8585064340937613,0.4672528986515383,0.8608546089199273,1.0,True,Synthwave #2 in Gm.mapped,Synthwave #2 in Gm.mapped,True,3.0,,,,Temparature 0.01 Self_Blend (Mapped),
Synthwave #2 in Gm.mapped.Chorus-Synthwave #2 in Gm.mapped.Chorus.DV_T001.mid,Synthwave #2 in Gm.mapped.Chorus.mid,Synthwave #2 in Gm.mapped.Chorus.mid,Chorus,Drums and Velocity,0.01,0.887334215135061,0.8646619821703545,0.5691045862717946,0.4986134229011457,0.0,False,Synthwave #2 in Gm.mapped,Synthwave #2 in Gm.mapped,True,3.0,4.0,3.0,Not Good Enough,Temparature 0.01 Self_Blend (Mapped),
Synthwave #2 in Gm.mapped.Chorus-Synthwave #2 in Gm.mapped.Chorus.DV_T001_orig_drums.mid,Synthwave #2 in Gm.mapped.Chorus.mid,Synthwave #2 in Gm.mapped.Chorus.mid,Chorus,Drums and Velocity,0.01,0.8697460594722793,0.905127567569949,0.6185060068201186,0.6421061347963193,1.0,True,Synthwave #2 in Gm.mapped,Synthwave #2 in Gm.mapped,True,3.0,4.0,3.0,Not Good Enough,Temparature 0.01 Self_Blend (Mapped),
Synthwave #6 in A.mapped.Chorus-Synthwave #6 in A.mapped.Chorus.DV_T001.mid,Synthwave #6 in A.mapped.Chorus.mid,Synthwave #6 in A.mapped.Chorus.mid,Chorus,Drums and Velocity,0.01,0.5886854505449355,0.5475838623222373,0.7220590921555078,0.5468034236845261,,False,Synthwave #6 in A.mapped,Synthwave #6 in A.mapped,True,1.0,1.0,1.0,Not Music,Temparature 0.01 Self_Blend (Mapped),
Synthwave #6 in A.mapped.Chorus-Synthwave #6 in A.mapped.Chorus.DV_T001_orig_drums.mid,Synthwave #6 in A.mapped.Chorus.mid,Synthwave #6 in A.mapped.Chorus.mid,Chorus,Drums and Velocity,0.01,0.2469069129641355,0.5624826394734393,0.7380546922466562,0.5560356918066123,,True,Synthwave #6 in A.mapped,Synthwave #6 in A.mapped,True,1.0,1.0,1.0,Not Music,Temparature 0.01 Self_Blend (Mapped),
Synthwave #5 in Am.mapped.Pre_Chorus-Synthwave #5 in Am.mapped.Pre_Chorus.DV_T001.mid,Synthwave #5 in Am.mapped.Pre_Chorus.mid,Synthwave #5 in Am.mapped.Pre_Chorus.mid,Pre_Chorus,Drums and Velocity,0.01,0.8359695402921783,0.6804864111137775,0.0,0.6632423380445789,0.0,False,Synthwave #5 in Am.mapped,Synthwave #5 in Am.mapped,True,4.0,4.0,4.0,Good,Temparature 0.01 Self_Blend (Mapped),
Synthwave #5 in Am.mapped.Pre_Chorus-Synthwave #5 in Am.mapped.Pre_Chorus.DV_T001_orig_drums.mid,Synthwave #5 in Am.mapped.Pre_Chorus.mid,Synthwave #5 in Am.mapped.Pre_Chorus.mid,Pre_Chorus,Drums and Velocity,0.01,0.836580038371586,0.7583755770969591,0.0434107347550544,0.682419254624022,1.0,True,Synthwave #5 in Am.mapped,Synthwave #5 in Am.mapped,True,4.0,4.0,4.0,Good,Temparature 0.01 Self_Blend (Mapped),
Synthwave #6 in A.mapped.Chorus-Synthwave #6 in A.mapped.Chorus.D_T01.mid,Synthwave #6 in A.mapped.Chorus.mid,Synthwave #6 in A.mapped.Chorus.mid,Chorus,Drums,0.1,0.8760596568389649,0.7297785645480763,0.7392806889534218,0.6024149149083906,,False,Synthwave #6 in A.mapped,Synthwave #6 in A.mapped,True,4.0,3.0,2.0,Too Minimal and primal,Temparature 0.01 Self_Blend (Mapped),
Synthwave #6 in A.mapped.Chorus-Synthwave #6 in A.mapped.Chorus.D_T01.mid,Synthwave #6 in A.mapped.Chorus.mid,Synthwave #6 in A.mapped.Chorus.mid,Chorus,Drums,0.1,0.8760596568389649,0.7297785645480763,0.7392806889534218,0.6024149149083906,,False,Synthwave #6 in A.mapped,Synthwave #6 in A.mapped,False,5.0,5.0,5.0,Amazing !,Temparature 0.1 Self_Blend (with varitented drum),
Synthwave #6 in A.mapped.Chorus-Synthwave #6 in A.mapped.Chorus.D_T01_orig_drums.mid,Synthwave #6 in A.mapped.Chorus.mid,Synthwave #6 in A.mapped.Chorus.mid,Chorus,Drums,0.1,0.8708250984382898,0.640659388197729,0.5583781463920852,0.3046089238697484,,True,Synthwave #6 in A.mapped,Synthwave #6 in A.mapped,True,4.0,3.0,2.0,Too Minimal and primal,Temparature 0.01 Self_Blend (Mapped),
Synthwave #6 in A.mapped.Chorus-Synthwave #6 in A.mapped.Chorus.D_T01_orig_drums.mid,Synthwave #6 in A.mapped.Chorus.mid,Synthwave #6 in A.mapped.Chorus.mid,Chorus,Drums,0.1,0.8708250984382898,0.640659388197729,0.5583781463920852,0.3046089238697484,,True,Synthwave #6 in A.mapped,Synthwave #6 in A.mapped,False,5.0,5.0,5.0,Amazing !,Temparature 0.1 Self_Blend (with varitented drum),
Synthwave #6 in A.mapped.Pre_Chorus-Synthwave #6 in A.mapped.Pre_Chorus.D_T01.mid,Synthwave #6 in A.mapped.Pre_Chorus.mid,Synthwave #6 in A.mapped.Pre_Chorus.mid,Pre_Chorus,Drums,0.1,0.8244689423169259,0.8542489871236316,0.6726238343474907,0.6641255945252817,0.0727754046138963,False,Synthwave #6 in A.mapped,Synthwave #6 in A.mapped,True,4.0,3.0,2.0,Too repetitive,Temparature 0.01 Self_Blend (Mapped),
Synthwave #6 in A.mapped.Pre_Chorus-Synthwave #6 in A.mapped.Pre_Chorus.D_T01.mid,Synthwave #6 in A.mapped.Pre_Chorus.mid,Synthwave #6 in A.mapped.Pre_Chorus.mid,Pre_Chorus,Drums,0.1,0.8244689423169259,0.8542489871236316,0.6726238343474907,0.6641255945252817,0.0727754046138963,False,Synthwave #6 in A.mapped,Synthwave #6 in A.mapped,False,5.0,5.0,5.0,Amazing !,Temparature 0.1 Self_Blend (with varitented drum),
Synthwave #6 in A.mapped.Pre_Chorus-Synthwave #6 in A.mapped.Pre_Chorus.D_T01_orig_drums.mid,Synthwave #6 in A.mapped.Pre_Chorus.mid,Synthwave #6 in A.mapped.Pre_Chorus.mid,Pre_Chorus,Drums,0.1,0.854866593488879,0.9299092154470252,0.7632532283187785,0.8648370541121118,1.0,True,Synthwave #6 in A.mapped,Synthwave #6 in A.mapped,True,4.0,3.0,2.0,Too repetitive,Temparature 0.01 Self_Blend (Mapped),
Synthwave #6 in A.mapped.Pre_Chorus-Synthwave #6 in A.mapped.Pre_Chorus.D_T01_orig_drums.mid,Synthwave #6 in A.mapped.Pre_Chorus.mid,Synthwave #6 in A.mapped.Pre_Chorus.mid,Pre_Chorus,Drums,0.1,0.854866593488879,0.9299092154470252,0.7632532283187785,0.8648370541121118,1.0,True,Synthwave #6 in A.mapped,Synthwave #6 in A.mapped,False,5.0,5.0,5.0,Amazing !,Temparature 0.1 Self_Blend (with varitented drum),
Synthwave #5 in Am.mapped.Verse-Synthwave #5 in Am.mapped.Verse.D_T01.mid,Synthwave #5 in Am.mapped.Verse.mid,Synthwave #5 in Am.mapped.Verse.mid,Verse,Drums,0.1,0.8292856961056763,0.8632694883607671,0.9364572934632656,0.7468402722516541,0.5930672165988065,False,Synthwave #5 in Am.mapped,Synthwave #5 in Am.mapped,True,4.0,2.0,2.0,Not Good enough Musically especially the drums,Temparature 0.01 Self_Blend (Mapped),
Synthwave #5 in Am.mapped.Verse-Synthwave #5 in Am.mapped.Verse.D_T01.mid,Synthwave #5 in Am.mapped.Verse.mid,Synthwave #5 in Am.mapped.Verse.mid,Verse,Drums,0.1,0.8292856961056763,0.8632694883607671,0.9364572934632656,0.7468402722516541,0.5930672165988065,False,Synthwave #5 in Am.mapped,Synthwave #5 in Am.mapped,False,3.0,2.0,2.0,Super repetitive and not musical whatsoever,Temparature 0.1 Self_Blend (with varitented drum),
Synthwave #5 in Am.mapped.Verse-Synthwave #5 in Am.mapped.Verse.D_T01_orig_drums.mid,Synthwave #5 in Am.mapped.Verse.mid,Synthwave #5 in Am.mapped.Verse.mid,Verse,Drums,0.1,0.8999994739967679,0.9592083369137956,0.978732530150243,0.8670020052065329,1.0,True,Synthwave #5 in Am.mapped,Synthwave #5 in Am.mapped,True,4.0,2.0,2.0,Not Good enough Musically especially the drums,Temparature 0.01 Self_Blend (Mapped),
Synthwave #5 in Am.mapped.Verse-Synthwave #5 in Am.mapped.Verse.D_T01_orig_drums.mid,Synthwave #5 in Am.mapped.Verse.mid,Synthwave #5 in Am.mapped.Verse.mid,Verse,Drums,0.1,0.8999994739967679,0.9592083369137956,0.978732530150243,0.8670020052065329,1.0,True,Synthwave #5 in Am.mapped,Synthwave #5 in Am.mapped,False,3.0,2.0,2.0,Super repetitive and not musical whatsoever,Temparature 0.1 Self_Blend (with varitented drum),
Synthwave #2 in Gm.mapped.Chorus-Synthwave #2 in Gm.mapped.Chorus.D_T01.mid,Synthwave #2 in Gm.mapped.Chorus.mid,Synthwave #2 in Gm.mapped.Chorus.mid,Chorus,Drums,0.1,0.8959457863515523,0.8837687724783924,0.6952201677730157,0.5057554775580068,0.3725087418608626,False,Synthwave #2 in Gm.mapped,Synthwave #2 in Gm.mapped,True,3.0,3.0,4.0,,Temparature 0.01 Self_Blend (Mapped),
Synthwave #2 in Gm.mapped.Chorus-Synthwave #2 in Gm.mapped.Chorus.D_T01.mid,Synthwave #2 in Gm.mapped.Chorus.mid,Synthwave #2 in Gm.mapped.Chorus.mid,Chorus,Drums,0.1,0.8959457863515523,0.8837687724783924,0.6952201677730157,0.5057554775580068,0.3725087418608626,False,Synthwave #2 in Gm.mapped,Synthwave #2 in Gm.mapped,False,5.0,4.0,4.0,Good,Temparature 0.1 Self_Blend (with varitented drum),
Synthwave #2 in Gm.mapped.Chorus-Synthwave #2 in Gm.mapped.Chorus.D_T01_orig_drums.mid,Synthwave #2 in Gm.mapped.Chorus.mid,Synthwave #2 in Gm.mapped.Chorus.mid,Chorus,Drums,0.1,0.911938552851838,0.9437825093752528,0.5907102630196134,0.5915747752183309,1.0,True,Synthwave #2 in Gm.mapped,Synthwave #2 in Gm.mapped,True,3.0,3.0,4.0,,Temparature 0.01 Self_Blend (Mapped),
Synthwave #2 in Gm.mapped.Chorus-Synthwave #2 in Gm.mapped.Chorus.D_T01_orig_drums.mid,Synthwave #2 in Gm.mapped.Chorus.mid,Synthwave #2 in Gm.mapped.Chorus.mid,Chorus,Drums,0.1,0.911938552851838,0.9437825093752528,0.5907102630196134,0.5915747752183309,1.0,True,Synthwave #2 in Gm.mapped,Synthwave #2 in Gm.mapped,False,5.0,4.0,4.0,Good,Temparature 0.1 Self_Blend (with varitented drum),
Synthwave #2 in Gm.mapped.Pre_Chorus-Synthwave #2 in Gm.mapped.Pre_Chorus.D_T01.mid,Synthwave #2 in Gm.mapped.Pre_Chorus.mid,Synthwave #2 in Gm.mapped.Pre_Chorus.mid,Pre_Chorus,Drums,0.1,0.8608512658320334,0.7899660428117683,0.5876309214878176,0.3473050352943587,,False,Synthwave #2 in Gm.mapped,Synthwave #2 in Gm.mapped,True,5.0,5.0,5.0,Very Good,Temparature 0.01 Self_Blend (Mapped),
Synthwave #2 in Gm.mapped.Pre_Chorus-Synthwave #2 in Gm.mapped.Pre_Chorus.D_T01.mid,Synthwave #2 in Gm.mapped.Pre_Chorus.mid,Synthwave #2 in Gm.mapped.Pre_Chorus.mid,Pre_Chorus,Drums,0.1,0.8608512658320334,0.7899660428117683,0.5876309214878176,0.3473050352943587,,False,Synthwave #2 in Gm.mapped,Synthwave #2 in Gm.mapped,False,5.0,5.0,5.0,Very Good,Temparature 0.1 Self_Blend (with varitented drum),
Synthwave #2 in Gm.mapped.Pre_Chorus-Synthwave #2 in Gm.mapped.Pre_Chorus.D_T01_orig_drums.mid,Synthwave #2 in Gm.mapped.Pre_Chorus.mid,Synthwave #2 in Gm.mapped.Pre_Chorus.mid,Pre_Chorus,Drums,0.1,0.8987888965937093,0.9065211324683627,0.5765791937581672,0.7877193483037596,,True,Synthwave #2 in Gm.mapped,Synthwave #2 in Gm.mapped,True,5.0,5.0,5.0,Very Good,Temparature 0.01 Self_Blend (Mapped),
Synthwave #2 in Gm.mapped.Pre_Chorus-Synthwave #2 in Gm.mapped.Pre_Chorus.D_T01_orig_drums.mid,Synthwave #2 in Gm.mapped.Pre_Chorus.mid,Synthwave #2 in Gm.mapped.Pre_Chorus.mid,Pre_Chorus,Drums,0.1,0.8987888965937093,0.9065211324683627,0.5765791937581672,0.7877193483037596,,True,Synthwave #2 in Gm.mapped,Synthwave #2 in Gm.mapped,False,5.0,5.0,5.0,Very Good,Temparature 0.1 Self_Blend (with varitented drum),
Synthwave #5 in Am.mapped.Chorus-Synthwave #5 in Am.mapped.Chorus.D_T01.mid,Synthwave #5 in Am.mapped.Chorus.mid,Synthwave #5 in Am.mapped.Chorus.mid,Chorus,Drums,0.1,0.8054868267122913,0.951986814787262,0.8852118374324864,0.4978400585325188,0.1725671224906583,False,Synthwave #5 in Am.mapped,Synthwave #5 in Am.mapped,True,4.0,2.0,2.0,Not Music,Temparature 0.01 Self_Blend (Mapped),
Synthwave #5 in Am.mapped.Chorus-Synthwave #5 in Am.mapped.Chorus.D_T01.mid,Synthwave #5 in Am.mapped.Chorus.mid,Synthwave #5 in Am.mapped.Chorus.mid,Chorus,Drums,0.1,0.8054868267122913,0.951986814787262,0.8852118374324864,0.4978400585325188,0.1725671224906583,False,Synthwave #5 in Am.mapped,Synthwave #5 in Am.mapped,False,4.0,2.0,2.0,Not Musical at all,Temparature 0.1 Self_Blend (with varitented drum),
Synthwave #5 in Am.mapped.Chorus-Synthwave #5 in Am.mapped.Chorus.D_T01_orig_drums.mid,Synthwave #5 in Am.mapped.Chorus.mid,Synthwave #5 in Am.mapped.Chorus.mid,Chorus,Drums,0.1,0.9451130763683848,0.9925068374159378,0.9101075419301108,0.8164057535146881,1.0,True,Synthwave #5 in Am.mapped,Synthwave #5 in Am.mapped,True,4.0,2.0,2.0,Not Music,Temparature 0.01 Self_Blend (Mapped),
Synthwave #5 in Am.mapped.Chorus-Synthwave #5 in Am.mapped.Chorus.D_T01_orig_drums.mid,Synthwave #5 in Am.mapped.Chorus.mid,Synthwave #5 in Am.mapped.Chorus.mid,Chorus,Drums,0.1,0.9451130763683848,0.9925068374159378,0.9101075419301108,0.8164057535146881,1.0,True,Synthwave #5 in Am.mapped,Synthwave #5 in Am.mapped,False,4.0,2.0,2.0,Not Musical at all,Temparature 0.1 Self_Blend (with varitented drum),
Synthwave #3 in Bb.mapped.Verse-Synthwave #3 in Bb.mapped.Verse.D_T01.mid,Synthwave #3 in Bb.mapped.Verse.mid,Synthwave #3 in Bb.mapped.Verse.mid,Verse,Drums,0.1,0.6076420424874893,0.9143096686790986,0.918773874371551,0.8252686486823766,0.5254069374927337,False,Synthwave #3 in Bb.mapped,Synthwave #3 in Bb.mapped,True,3.0,3.0,3.0,Too repetitive,Temparature 0.01 Self_Blend (Mapped),
Synthwave #3 in Bb.mapped.Verse-Synthwave #3 in Bb.mapped.Verse.D_T01.mid,Synthwave #3 in Bb.mapped.Verse.mid,Synthwave #3 in Bb.mapped.Verse.mid,Verse,Drums,0.1,0.6076420424874893,0.9143096686790986,0.918773874371551,0.8252686486823766,0.5254069374927337,False,Synthwave #3 in Bb.mapped,Synthwave #3 in Bb.mapped,False,4.0,4.0,4.0,Very Boring musically but good enough,Temparature 0.1 Self_Blend (with varitented drum),
Synthwave #3 in Bb.mapped.Verse-Synthwave #3 in Bb.mapped.Verse.D_T01_orig_drums.mid,Synthwave #3 in Bb.mapped.Verse.mid,Synthwave #3 in Bb.mapped.Verse.mid,Verse,Drums,0.1,0.6579066361360643,0.7750037449942827,0.8648957385186372,0.2059599027472825,1.0,True,Synthwave #3 in Bb.mapped,Synthwave #3 in Bb.mapped,True,3.0,3.0,3.0,Too repetitive,Temparature 0.01 Self_Blend (Mapped),
Synthwave #3 in Bb.mapped.Verse-Synthwave #3 in Bb.mapped.Verse.D_T01_orig_drums.mid,Synthwave #3 in Bb.mapped.Verse.mid,Synthwave #3 in Bb.mapped.Verse.mid,Verse,Drums,0.1,0.6579066361360643,0.7750037449942827,0.8648957385186372,0.2059599027472825,1.0,True,Synthwave #3 in Bb.mapped,Synthwave #3 in Bb.mapped,False,4.0,4.0,4.0,Very Boring musically but good enough,Temparature 0.1 Self_Blend (with varitented drum),
Synthwave #6 in A.mapped.Verse-Synthwave #6 in A.mapped.Verse.D_T01.mid,Synthwave #6 in A.mapped.Verse.mid,Synthwave #6 in A.mapped.Verse.mid,Verse,Drums,0.1,0.7127577313038401,0.8720211162031745,0.8387240546817797,0.7252262478799716,,False,Synthwave #6 in A.mapped,Synthwave #6 in A.mapped,True,4.0,2.0,1.0,Not Music,Temparature 0.01 Self_Blend (Mapped),
Synthwave #6 in A.mapped.Verse-Synthwave #6 in A.mapped.Verse.D_T01.mid,Synthwave #6 in A.mapped.Verse.mid,Synthwave #6 in A.mapped.Verse.mid,Verse,Drums,0.1,0.7127577313038401,0.8720211162031745,0.8387240546817797,0.7252262478799716,,False,Synthwave #6 in A.mapped,Synthwave #6 in A.mapped,False,4.0,2.0,2.0,Not Musical at all,Temparature 0.1 Self_Blend (with varitented drum),
Synthwave #6 in A.mapped.Verse-Synthwave #6 in A.mapped.Verse.D_T01_orig_drums.mid,Synthwave #6 in A.mapped.Verse.mid,Synthwave #6 in A.mapped.Verse.mid,Verse,Drums,0.1,0.7646873358847286,0.8937554217860936,0.8656649855925892,0.7561090726985062,1.0,True,Synthwave #6 in A.mapped,Synthwave #6 in A.mapped,True,4.0,2.0,1.0,Not Music,Temparature 0.01 Self_Blend (Mapped),
Synthwave #6 in A.mapped.Verse-Synthwave #6 in A.mapped.Verse.D_T01_orig_drums.mid,Synthwave #6 in A.mapped.Verse.mid,Synthwave #6 in A.mapped.Verse.mid,Verse,Drums,0.1,0.7646873358847286,0.8937554217860936,0.8656649855925892,0.7561090726985062,1.0,True,Synthwave #6 in A.mapped,Synthwave #6 in A.mapped,False,4.0,2.0,2.0,Not Musical at all,Temparature 0.1 Self_Blend (with varitented drum),
Alternative Hip Hop #2 in G#m.mapped.Verse-Alternative Hip Hop #2 in G#m.mapped.Verse.D_T01.mid,Alternative Hip Hop #2 in G#m.mapped.Verse.mid,Alternative Hip Hop #2 in G#m.mapped.Verse.mid,Verse,Drums,0.1,0.8097672982643145,0.655626534227379,0.0184815791055841,0.4581829087341715,,False,Alternative Hip Hop #2 in G#m.mapped,Alternative Hip Hop #2 in G#m.mapped,True,4.0,4.0,3.0,Not Good Enough,Temparature 0.01 Self_Blend (Mapped),
Alternative Hip Hop #2 in G#m.mapped.Verse-Alternative Hip Hop #2 in G#m.mapped.Verse.D_T01.mid,Alternative Hip Hop #2 in G#m.mapped.Verse.mid,Alternative Hip Hop #2 in G#m.mapped.Verse.mid,Verse,Drums,0.1,0.8097672982643145,0.655626534227379,0.0184815791055841,0.4581829087341715,,False,Alternative Hip Hop #2 in G#m.mapped,Alternative Hip Hop #2 in G#m.mapped,False,5.0,4.0,4.0,Good,Temparature 0.1 Self_Blend (with varitented drum),
Alternative Hip Hop #2 in G#m.mapped.Verse-Alternative Hip Hop #2 in G#m.mapped.Verse.D_T01_orig_drums.mid,Alternative Hip Hop #2 in G#m.mapped.Verse.mid,Alternative Hip Hop #2 in G#m.mapped.Verse.mid,Verse,Drums,0.1,0.871462463635315,0.6628629357471465,0.0254053092172618,1.0,1.0,True,Alternative Hip Hop #2 in G#m.mapped,Alternative Hip Hop #2 in G#m.mapped,True,4.0,4.0,3.0,Not Good Enough,Temparature 0.01 Self_Blend (Mapped),
Alternative Hip Hop #2 in G#m.mapped.Verse-Alternative Hip Hop #2 in G#m.mapped.Verse.D_T01_orig_drums.mid,Alternative Hip Hop #2 in G#m.mapped.Verse.mid,Alternative Hip Hop #2 in G#m.mapped.Verse.mid,Verse,Drums,0.1,0.871462463635315,0.6628629357471465,0.0254053092172618,1.0,1.0,True,Alternative Hip Hop #2 in G#m.mapped,Alternative Hip Hop #2 in G#m.mapped,False,5.0,4.0,4.0,Good,Temparature 0.1 Self_Blend (with varitented drum),
Synthwave #2 in Gm.mapped.Verse-Synthwave #2 in Gm.mapped.Verse.D_T01.mid,Synthwave #2 in Gm.mapped.Verse.mid,Synthwave #2 in Gm.mapped.Verse.mid,Verse,Drums,0.1,0.8926836196454895,0.7825375955823068,0.7788071783338192,0.6048434844110089,0.3669992856050088,False,Synthwave #2 in Gm.mapped,Synthwave #2 in Gm.mapped,True,4.0,3.0,2.0,Not rich enough Musically,Temparature 0.01 Self_Blend (Mapped),
Synthwave #2 in Gm.mapped.Verse-Synthwave #2 in Gm.mapped.Verse.D_T01_orig_drums.mid,Synthwave #2 in Gm.mapped.Verse.mid,Synthwave #2 in Gm.mapped.Verse.mid,Verse,Drums,0.1,0.947693047089116,0.9079402181173072,0.5952606826629726,0.8498304598369963,1.0,True,Synthwave #2 in Gm.mapped,Synthwave #2 in Gm.mapped,True,4.0,3.0,2.0,Not rich enough Musically,Temparature 0.01 Self_Blend (Mapped),
Alternative Hip Hop #2 in G#m.mapped.Pre_Chorus-Alternative Hip Hop #2 in G#m.mapped.Pre_Chorus.D_T01.mid,Alternative Hip Hop #2 in G#m.mapped.Pre_Chorus.mid,Alternative Hip Hop #2 in G#m.mapped.Pre_Chorus.mid,Pre_Chorus,Drums,0.1,0.84566440611548,0.6428363932573341,0.0747218050755924,0.4917454646614583,,False,Alternative Hip Hop #2 in G#m.mapped,Alternative Hip Hop #2 in G#m.mapped,True,5.0,4.0,4.0,Good,Temparature 0.01 Self_Blend (Mapped),
Alternative Hip Hop #2 in G#m.mapped.Pre_Chorus-Alternative Hip Hop #2 in G#m.mapped.Pre_Chorus.D_T01.mid,Alternative Hip Hop #2 in G#m.mapped.Pre_Chorus.mid,Alternative Hip Hop #2 in G#m.mapped.Pre_Chorus.mid,Pre_Chorus,Drums,0.1,0.84566440611548,0.6428363932573341,0.0747218050755924,0.4917454646614583,,False,Alternative Hip Hop #2 in G#m.mapped,Alternative Hip Hop #2 in G#m.mapped,False,5.0,5.0,5.0,Very Good,Temparature 0.1 Self_Blend (with varitented drum),
Alternative Hip Hop #2 in G#m.mapped.Pre_Chorus-Alternative Hip Hop #2 in G#m.mapped.Pre_Chorus.D_T01_orig_drums.mid,Alternative Hip Hop #2 in G#m.mapped.Pre_Chorus.mid,Alternative Hip Hop #2 in G#m.mapped.Pre_Chorus.mid,Pre_Chorus,Drums,0.1,0.8443681332214702,0.6438323651351426,0.0732038381787022,0.9285714285714286,1.0,True,Alternative Hip Hop #2 in G#m.mapped,Alternative Hip Hop #2 in G#m.mapped,True,5.0,4.0,4.0,Good,Temparature 0.01 Self_Blend (Mapped),
Alternative Hip Hop #2 in G#m.mapped.Pre_Chorus-Alternative Hip Hop #2 in G#m.mapped.Pre_Chorus.D_T01_orig_drums.mid,Alternative Hip Hop #2 in G#m.mapped.Pre_Chorus.mid,Alternative Hip Hop #2 in G#m.mapped.Pre_Chorus.mid,Pre_Chorus,Drums,0.1,0.8443681332214702,0.6438323651351426,0.0732038381787022,0.9285714285714286,1.0,True,Alternative Hip Hop #2 in G#m.mapped,Alternative Hip Hop #2 in G#m.mapped,False,5.0,5.0,5.0,Very Good,Temparature 0.1 Self_Blend (with varitented drum),
Alternative Hip Hop #2 in G#m.mapped.Chorus-Alternative Hip Hop #2 in G#m.mapped.Chorus.D_T01.mid,Alternative Hip Hop #2 in G#m.mapped.Chorus.mid,Alternative Hip Hop #2 in G#m.mapped.Chorus.mid,Chorus,Drums,0.1,0.7209270420434587,0.7755918662751505,0.929320377284585,,,False,Alternative Hip Hop #2 in G#m.mapped,Alternative Hip Hop #2 in G#m.mapped,False,5.0,3.0,3.0,One Instrument out of the entire arrangement,Temparature 0.01 Self_Blend (Mapped),
Alternative Hip Hop #2 in G#m.mapped.Chorus-Alternative Hip Hop #2 in G#m.mapped.Chorus.D_T01.mid,Alternative Hip Hop #2 in G#m.mapped.Chorus.mid,Alternative Hip Hop #2 in G#m.mapped.Chorus.mid,Chorus,Drums,0.1,0.7209270420434587,0.7755918662751505,0.929320377284585,,,False,Alternative Hip Hop #2 in G#m.mapped,Alternative Hip Hop #2 in G#m.mapped,False,5.0,5.0,5.0,Very Good,Temparature 0.1 Self_Blend (with varitented drum),
Alternative Hip Hop #2 in G#m.mapped.Chorus-Alternative Hip Hop #2 in G#m.mapped.Chorus.D_T01_orig_drums.mid,Alternative Hip Hop #2 in G#m.mapped.Chorus.mid,Alternative Hip Hop #2 in G#m.mapped.Chorus.mid,Chorus,Drums,0.1,0.7209270420434587,0.7755918662751505,0.929320377284585,,,True,Alternative Hip Hop #2 in G#m.mapped,Alternative Hip Hop #2 in G#m.mapped,False,5.0,3.0,3.0,One Instrument out of the entire arrangement,Temparature 0.01 Self_Blend (Mapped),
Alternative Hip Hop #2 in G#m.mapped.Chorus-Alternative Hip Hop #2 in G#m.mapped.Chorus.D_T01_orig_drums.mid,Alternative Hip Hop #2 in G#m.mapped.Chorus.mid,Alternative Hip Hop #2 in G#m.mapped.Chorus.mid,Chorus,Drums,0.1,0.7209270420434587,0.7755918662751505,0.929320377284585,,,True,Alternative Hip Hop #2 in G#m.mapped,Alternative Hip Hop #2 in G#m.mapped,False,5.0,5.0,5.0,Very Good,Temparature 0.1 Self_Blend (with varitented drum),
Synthwave #3 in Bb.mapped.Chorus-Synthwave #3 in Bb.mapped.Chorus.D_T01.mid,Synthwave #3 in Bb.mapped.Chorus.mid,Synthwave #3 in Bb.mapped.Chorus.mid,Chorus,Drums,0.1,0.8287389752681423,0.7814404308809673,0.7199307730971349,0.7446601465649749,0.0,False,Synthwave #3 in Bb.mapped,Synthwave #3 in Bb.mapped,True,,,,Only Drums,Temparature 0.01 Self_Blend (Mapped),
Synthwave #3 in Bb.mapped.Chorus-Synthwave #3 in Bb.mapped.Chorus.D_T01.mid,Synthwave #3 in Bb.mapped.Chorus.mid,Synthwave #3 in Bb.mapped.Chorus.mid,Chorus,Drums,0.1,0.8287389752681423,0.7814404308809673,0.7199307730971349,0.7446601465649749,0.0,False,Synthwave #3 in Bb.mapped,Synthwave #3 in Bb.mapped,False,,,,Only Drums can't tag it,Temparature 0.1 Self_Blend (with varitented drum),
Synthwave #3 in Bb.mapped.Chorus-Synthwave #3 in Bb.mapped.Chorus.D_T01_orig_drums.mid,Synthwave #3 in Bb.mapped.Chorus.mid,Synthwave #3 in Bb.mapped.Chorus.mid,Chorus,Drums,0.1,0.8018894116174364,0.9391692007295483,0.6443558518310006,0.2498407135868874,1.0,True,Synthwave #3 in Bb.mapped,Synthwave #3 in Bb.mapped,True,,,,Only Drums,Temparature 0.01 Self_Blend (Mapped),
Synthwave #3 in Bb.mapped.Chorus-Synthwave #3 in Bb.mapped.Chorus.D_T01_orig_drums.mid,Synthwave #3 in Bb.mapped.Chorus.mid,Synthwave #3 in Bb.mapped.Chorus.mid,Chorus,Drums,0.1,0.8018894116174364,0.9391692007295483,0.6443558518310006,0.2498407135868874,1.0,True,Synthwave #3 in Bb.mapped,Synthwave #3 in Bb.mapped,False,,,,Only Drums can't tag it,Temparature 0.1 Self_Blend (with varitented drum),
Synthwave #3 in Bb.mapped.Pre_Chorus-Synthwave #3 in Bb.mapped.Pre_Chorus.D_T01.mid,Synthwave #3 in Bb.mapped.Pre_Chorus.mid,Synthwave #3 in Bb.mapped.Pre_Chorus.mid,Pre_Chorus,Drums,0.1,0.7749726112680874,0.0585205735980652,0.0,0.5663793758439141,0.2417468892076142,False,Synthwave #3 in Bb.mapped,Synthwave #3 in Bb.mapped,True,4.0,4.0,3.0,Playing the same chord a few times,Temparature 0.01 Self_Blend (Mapped),
Synthwave #3 in Bb.mapped.Pre_Chorus-Synthwave #3 in Bb.mapped.Pre_Chorus.D_T01.mid,Synthwave #3 in Bb.mapped.Pre_Chorus.mid,Synthwave #3 in Bb.mapped.Pre_Chorus.mid,Pre_Chorus,Drums,0.1,0.7749726112680874,0.0585205735980652,0.0,0.5663793758439141,0.2417468892076142,False,Synthwave #3 in Bb.mapped,Synthwave #3 in Bb.mapped,False,5.0,5.0,5.0,Very Good,Temparature 0.1 Self_Blend (with varitented drum),
Synthwave #3 in Bb.mapped.Pre_Chorus-Synthwave #3 in Bb.mapped.Pre_Chorus.D_T01_orig_drums.mid,Synthwave #3 in Bb.mapped.Pre_Chorus.mid,Synthwave #3 in Bb.mapped.Pre_Chorus.mid,Pre_Chorus,Drums,0.1,0.9926895721601614,0.1504814749664534,,0.583459965991578,1.0,True,Synthwave #3 in Bb.mapped,Synthwave #3 in Bb.mapped,True,4.0,4.0,3.0,Playing the same chord a few times,Temparature 0.01 Self_Blend (Mapped),
Synthwave #3 in Bb.mapped.Pre_Chorus-Synthwave #3 in Bb.mapped.Pre_Chorus.D_T01_orig_drums.mid,Synthwave #3 in Bb.mapped.Pre_Chorus.mid,Synthwave #3 in Bb.mapped.Pre_Chorus.mid,Pre_Chorus,Drums,0.1,0.9926895721601614,0.1504814749664534,,0.583459965991578,1.0,True,Synthwave #3 in Bb.mapped,Synthwave #3 in Bb.mapped,False,5.0,5.0,5.0,Very Good,Temparature 0.1 Self_Blend (with varitented drum),
Synthwave #5 in Am.mapped.Pre_Chorus-Synthwave #5 in Am.mapped.Pre_Chorus.D_T01.mid,Synthwave #5 in Am.mapped.Pre_Chorus.mid,Synthwave #5 in Am.mapped.Pre_Chorus.mid,Pre_Chorus,Drums,0.1,0.955940406470507,0.7204619232060766,0.0897192087466293,0.4586685294073314,0.2809757434745081,False,Synthwave #5 in Am.mapped,Synthwave #5 in Am.mapped,True,4.0,4.0,3.0,Very Boring and hits some wrong notes,Temparature 0.01 Self_Blend (Mapped),
Synthwave #5 in Am.mapped.Pre_Chorus-Synthwave #5 in Am.mapped.Pre_Chorus.D_T01.mid,Synthwave #5 in Am.mapped.Pre_Chorus.mid,Synthwave #5 in Am.mapped.Pre_Chorus.mid,Pre_Chorus,Drums,0.1,0.955940406470507,0.7204619232060766,0.0897192087466293,0.4586685294073314,0.2809757434745081,False,Synthwave #5 in Am.mapped,Synthwave #5 in Am.mapped,False,5.0,5.0,5.0,Amazing,Temparature 0.1 Self_Blend (with varitented drum),
Synthwave #5 in Am.mapped.Pre_Chorus-Synthwave #5 in Am.mapped.Pre_Chorus.D_T01_orig_drums.mid,Synthwave #5 in Am.mapped.Pre_Chorus.mid,Synthwave #5 in Am.mapped.Pre_Chorus.mid,Pre_Chorus,Drums,0.1,0.945488805265401,0.71463187597232,0.1424582288000088,0.4724980022847338,1.0,True,Synthwave #5 in Am.mapped,Synthwave #5 in Am.mapped,True,4.0,4.0,3.0,Very Boring and hits some wrong notes,Temparature 0.01 Self_Blend (Mapped),
Synthwave #5 in Am.mapped.Pre_Chorus-Synthwave #5 in Am.mapped.Pre_Chorus.D_T01_orig_drums.mid,Synthwave #5 in Am.mapped.Pre_Chorus.mid,Synthwave #5 in Am.mapped.Pre_Chorus.mid,Pre_Chorus,Drums,0.1,0.945488805265401,0.71463187597232,0.1424582288000088,0.4724980022847338,1.0,True,Synthwave #5 in Am.mapped,Synthwave #5 in Am.mapped,False,5.0,5.0,5.0,Amazing,Temparature 0.1 Self_Blend (with varitented drum),
Synthwave #5 in Am.mapped.Pre_Chorus-Synthwave #5 in Am.mapped.Pre_Chorus.D_T001.mid,Synthwave #5 in Am.mapped.Pre_Chorus.mid,Synthwave #5 in Am.mapped.Pre_Chorus.mid,Pre_Chorus,Drums,0.01,0.945000070495473,0.753064402431253,0.1628925347676217,0.4297059583586564,0.2716072381275558,False,Synthwave #5 in Am.mapped,Synthwave #5 in Am.mapped,True,5.0,5.0,5.0,Great,Temparature 0.01 Self_Blend (Mapped),
Synthwave #5 in Am.mapped.Pre_Chorus-Synthwave #5 in Am.mapped.Pre_Chorus.D_T001_orig_drums.mid,Synthwave #5 in Am.mapped.Pre_Chorus.mid,Synthwave #5 in Am.mapped.Pre_Chorus.mid,Pre_Chorus,Drums,0.01,0.9273418499478406,0.7489123273088948,0.2290069706531958,0.4457359775156385,1.0,True,Synthwave #5 in Am.mapped,Synthwave #5 in Am.mapped,True,5.0,5.0,5.0,Great,Temparature 0.01 Self_Blend (Mapped),
Synthwave #3 in Bb.mapped.Pre_Chorus-Synthwave #3 in Bb.mapped.Pre_Chorus.D_T001.mid,Synthwave #3 in Bb.mapped.Pre_Chorus.mid,Synthwave #3 in Bb.mapped.Pre_Chorus.mid,Pre_Chorus,Drums,0.01,0.9008191801673072,0.0591147063287406,0.0,0.4210759605332591,0.1940376314265832,False,Synthwave #3 in Bb.mapped,Synthwave #3 in Bb.mapped,True,5.0,5.0,5.0,Very Good,Temparature 0.01 Self_Blend (Mapped),
Synthwave #3 in Bb.mapped.Pre_Chorus-Synthwave #3 in Bb.mapped.Pre_Chorus.D_T001_orig_drums.mid,Synthwave #3 in Bb.mapped.Pre_Chorus.mid,Synthwave #3 in Bb.mapped.Pre_Chorus.mid,Pre_Chorus,Drums,0.01,0.9926895721601614,0.1504814749664534,,0.583459965991578,1.0,True,Synthwave #3 in Bb.mapped,Synthwave #3 in Bb.mapped,True,5.0,5.0,5.0,Very Good,Temparature 0.01 Self_Blend (Mapped),
Synthwave #2 in Gm.mapped.Pre_Chorus-Synthwave #2 in Gm.mapped.Pre_Chorus.D_T001.mid,Synthwave #2 in Gm.mapped.Pre_Chorus.mid,Synthwave #2 in Gm.mapped.Pre_Chorus.mid,Pre_Chorus,Drums,0.01,0.8583637928308159,0.7890878880692725,0.5861606607553898,0.347660698506139,,False,Synthwave #2 in Gm.mapped,Synthwave #2 in Gm.mapped,True,5.0,4.0,4.0,Good,Temparature 0.01 Self_Blend (Mapped),
Synthwave #2 in Gm.mapped.Pre_Chorus-Synthwave #2 in Gm.mapped.Pre_Chorus.D_T001_orig_drums.mid,Synthwave #2 in Gm.mapped.Pre_Chorus.mid,Synthwave #2 in Gm.mapped.Pre_Chorus.mid,Pre_Chorus,Drums,0.01,0.8971119125678024,0.9063082071214776,0.5765791937581672,0.7877193483037596,,True,Synthwave #2 in Gm.mapped,Synthwave #2 in Gm.mapped,True,5.0,4.0,4.0,Good,Temparature 0.01 Self_Blend (Mapped),
Alternative Hip Hop #2 in G#m.mapped.Chorus-Alternative Hip Hop #2 in G#m.mapped.Chorus.D_T001.mid,Alternative Hip Hop #2 in G#m.mapped.Chorus.mid,Alternative Hip Hop #2 in G#m.mapped.Chorus.mid,Chorus,Drums,0.01,0.7209270420434587,0.7755918662751505,0.929320377284585,,,False,Alternative Hip Hop #2 in G#m.mapped,Alternative Hip Hop #2 in G#m.mapped,True,5.0,3.0,4.0,Only Piano,Temparature 0.01 Self_Blend (Mapped),
Alternative Hip Hop #2 in G#m.mapped.Chorus-Alternative Hip Hop #2 in G#m.mapped.Chorus.D_T001_orig_drums.mid,Alternative Hip Hop #2 in G#m.mapped.Chorus.mid,Alternative Hip Hop #2 in G#m.mapped.Chorus.mid,Chorus,Drums,0.01,0.7209270420434587,0.7755918662751505,0.929320377284585,,,True,Alternative Hip Hop #2 in G#m.mapped,Alternative Hip Hop #2 in G#m.mapped,True,5.0,3.0,4.0,Only Piano,Temparature 0.01 Self_Blend (Mapped),
Synthwave #6 in A.mapped.Chorus-Synthwave #6 in A.mapped.Chorus.D_T001.mid,Synthwave #6 in A.mapped.Chorus.mid,Synthwave #6 in A.mapped.Chorus.mid,Chorus,Drums,0.01,0.9236400592840028,0.6941568673356326,0.6929517084695327,0.5369774708369704,,False,Synthwave #6 in A.mapped,Synthwave #6 in A.mapped,True,5.0,5.0,5.0,Amazing !,Temparature 0.01 Self_Blend (Mapped),
Synthwave #6 in A.mapped.Chorus-Synthwave #6 in A.mapped.Chorus.D_T001_orig_drums.mid,Synthwave #6 in A.mapped.Chorus.mid,Synthwave #6 in A.mapped.Chorus.mid,Chorus,Drums,0.01,0.9089620693726368,0.6927573295746772,0.7462593213566107,0.491421337617641,,True,Synthwave #6 in A.mapped,Synthwave #6 in A.mapped,True,5.0,5.0,5.0,Amazing !,Temparature 0.01 Self_Blend (Mapped),
Alternative Hip Hop #2 in G#m.mapped.Pre_Chorus-Alternative Hip Hop #2 in G#m.mapped.Pre_Chorus.D_T001.mid,Alternative Hip Hop #2 in G#m.mapped.Pre_Chorus.mid,Alternative Hip Hop #2 in G#m.mapped.Pre_Chorus.mid,Pre_Chorus,Drums,0.01,0.8376490491176577,0.640745228165052,0.074173463900915,0.4917454646614583,,False,Alternative Hip Hop #2 in G#m.mapped,Alternative Hip Hop #2 in G#m.mapped,True,5.0,5.0,5.0,Great,Temparature 0.01 Self_Blend (Mapped),
Alternative Hip Hop #2 in G#m.mapped.Pre_Chorus-Alternative Hip Hop #2 in G#m.mapped.Pre_Chorus.D_T001_orig_drums.mid,Alternative Hip Hop #2 in G#m.mapped.Pre_Chorus.mid,Alternative Hip Hop #2 in G#m.mapped.Pre_Chorus.mid,Pre_Chorus,Drums,0.01,0.836943185964771,0.6358054838531688,0.0726863516754723,0.9285714285714286,1.0,True,Alternative Hip Hop #2 in G#m.mapped,Alternative Hip Hop #2 in G#m.mapped,True,5.0,5.0,5.0,Great,Temparature 0.01 Self_Blend (Mapped),
Synthwave #5 in Am.mapped.Chorus-Synthwave #5 in Am.mapped.Chorus.D_T001.mid,Synthwave #5 in Am.mapped.Chorus.mid,Synthwave #5 in Am.mapped.Chorus.mid,Chorus,Drums,0.01,0.7851877546208904,0.92910311176271,0.8885213932418645,0.501924217748408,0.2947701819286368,False,Synthwave #5 in Am.mapped,Synthwave #5 in Am.mapped,True,5.0,2.0,1.0,Not Musical whatsoever sounds awful !,Temparature 0.01 Self_Blend (Mapped),
Synthwave #5 in Am.mapped.Chorus-Synthwave #5 in Am.mapped.Chorus.D_T001_orig_drums.mid,Synthwave #5 in Am.mapped.Chorus.mid,Synthwave #5 in Am.mapped.Chorus.mid,Chorus,Drums,0.01,0.9314200952495508,0.9892041759940192,0.9117664649500772,0.8191614343572861,1.0,True,Synthwave #5 in Am.mapped,Synthwave #5 in Am.mapped,True,5.0,2.0,1.0,Not Musical whatsoever sounds awful !,Temparature 0.01 Self_Blend (Mapped),
Synthwave #3 in Bb.mapped.Verse-Synthwave #3 in Bb.mapped.Verse.D_T001.mid,Synthwave #3 in Bb.mapped.Verse.mid,Synthwave #3 in Bb.mapped.Verse.mid,Verse,Drums,0.01,0.5989879612348112,0.910052007314424,0.9196652809411132,0.8252686486823766,0.0984651399713963,False,Synthwave #3 in Bb.mapped,Synthwave #3 in Bb.mapped,True,5.0,4.0,5.0,Very Good,Temparature 0.01 Self_Blend (Mapped),
Synthwave #3 in Bb.mapped.Verse-Synthwave #3 in Bb.mapped.Verse.D_T001_orig_drums.mid,Synthwave #3 in Bb.mapped.Verse.mid,Synthwave #3 in Bb.mapped.Verse.mid,Verse,Drums,0.01,0.6477749244546284,0.7658146670235617,0.8647864938517017,0.2059599027472825,1.0,True,Synthwave #3 in Bb.mapped,Synthwave #3 in Bb.mapped,True,5.0,4.0,5.0,Very Good,Temparature 0.01 Self_Blend (Mapped),
Synthwave #5 in Am.mapped.Verse-Synthwave #5 in Am.mapped.Verse.D_T001.mid,Synthwave #5 in Am.mapped.Verse.mid,Synthwave #5 in Am.mapped.Verse.mid,Verse,Drums,0.01,0.8023742084866131,0.8447667716925891,0.9414793343963904,0.7622820364978469,0.5930672165988065,False,Synthwave #5 in Am.mapped,Synthwave #5 in Am.mapped,True,5.0,5.0,3.0,Not Good enough too repetitive and not organic,Temparature 0.01 Self_Blend (Mapped),
Synthwave #5 in Am.mapped.Verse-Synthwave #5 in Am.mapped.Verse.D_T001_orig_drums.mid,Synthwave #5 in Am.mapped.Verse.mid,Synthwave #5 in Am.mapped.Verse.mid,Verse,Drums,0.01,0.927887076101593,0.9538216168533716,0.9789098560022887,0.8673370930294,1.0,True,Synthwave #5 in Am.mapped,Synthwave #5 in Am.mapped,True,5.0,5.0,3.0,Not Good enough too repetitive and not organic,Temparature 0.01 Self_Blend (Mapped),
Synthwave #6 in A.mapped.Verse-Synthwave #6 in A.mapped.Verse.D_T001.mid,Synthwave #6 in A.mapped.Verse.mid,Synthwave #6 in A.mapped.Verse.mid,Verse,Drums,0.01,0.7404940159013407,0.8613036968946172,0.8347038921554953,0.720853663958022,,False,Synthwave #6 in A.mapped,Synthwave #6 in A.mapped,True,4.0,2.0,2.0,Not Musical whatsoever' very repetitive no actual musician can write something like this !,Temparature 0.01 Self_Blend (Mapped),
Synthwave #6 in A.mapped.Verse-Synthwave #6 in A.mapped.Verse.D_T001_orig_drums.mid,Synthwave #6 in A.mapped.Verse.mid,Synthwave #6 in A.mapped.Verse.mid,Verse,Drums,0.01,0.8200922273294242,0.9251903247165612,0.932620430330008,0.8258867363235927,1.0,True,Synthwave #6 in A.mapped,Synthwave #6 in A.mapped,True,4.0,2.0,2.0,Not Musical whatsoever' very repetitive no actual musician can write something like this !,Temparature 0.01 Self_Blend (Mapped),
Synthwave #2 in Gm.mapped.Chorus-Synthwave #2 in Gm.mapped.Chorus.D_T001.mid,Synthwave #2 in Gm.mapped.Chorus.mid,Synthwave #2 in Gm.mapped.Chorus.mid,Chorus,Drums,0.01,0.8940624826523053,0.878727663780004,0.6944483630994892,0.487181205000132,0.3746798490789873,False,Synthwave #2 in Gm.mapped,Synthwave #2 in Gm.mapped,True,5.0,4.0,4.0,Good,Temparature 0.01 Self_Blend (Mapped),
Synthwave #2 in Gm.mapped.Chorus-Synthwave #2 in Gm.mapped.Chorus.D_T001_orig_drums.mid,Synthwave #2 in Gm.mapped.Chorus.mid,Synthwave #2 in Gm.mapped.Chorus.mid,Chorus,Drums,0.01,0.9091220824240874,0.9424354925840333,0.5873903134632952,0.5656889588055567,1.0,True,Synthwave #2 in Gm.mapped,Synthwave #2 in Gm.mapped,True,5.0,4.0,4.0,Good,Temparature 0.01 Self_Blend (Mapped),
Synthwave #6 in A.mapped.Pre_Chorus-Synthwave #6 in A.mapped.Pre_Chorus.D_T001.mid,Synthwave #6 in A.mapped.Pre_Chorus.mid,Synthwave #6 in A.mapped.Pre_Chorus.mid,Pre_Chorus,Drums,0.01,0.8255830803499742,0.8560527030440747,0.6726238343474907,0.6641255945252817,0.0727754046138963,False,Synthwave #6 in A.mapped,Synthwave #6 in A.mapped,True,5.0,4.0,4.0,Nice !,Temparature 0.01 Self_Blend (Mapped),
Synthwave #6 in A.mapped.Pre_Chorus-Synthwave #6 in A.mapped.Pre_Chorus.D_T001_orig_drums.mid,Synthwave #6 in A.mapped.Pre_Chorus.mid,Synthwave #6 in A.mapped.Pre_Chorus.mid,Pre_Chorus,Drums,0.01,0.8549714176817684,0.9304396247647744,0.7632532283187785,0.8648370541121118,1.0,True,Synthwave #6 in A.mapped,Synthwave #6 in A.mapped,True,5.0,4.0,4.0,Nice !,Temparature 0.01 Self_Blend (Mapped),
Synthwave #3 in Bb.mapped.Chorus-Synthwave #3 in Bb.mapped.Chorus.D_T001.mid,Synthwave #3 in Bb.mapped.Chorus.mid,Synthwave #3 in Bb.mapped.Chorus.mid,Chorus,Drums,0.01,0.8193471401714805,0.7889342998305938,0.799132838142577,0.7255589633497342,0.0,False,Synthwave #3 in Bb.mapped,Synthwave #3 in Bb.mapped,True,,,,Only drums can't tag it !,Temparature 0.01 Self_Blend (Mapped),
Synthwave #3 in Bb.mapped.Chorus-Synthwave #3 in Bb.mapped.Chorus.D_T001_orig_drums.mid,Synthwave #3 in Bb.mapped.Chorus.mid,Synthwave #3 in Bb.mapped.Chorus.mid,Chorus,Drums,0.01,0.820750856171555,0.9407592247395514,0.7459802698257135,0.2498407135868874,1.0,True,Synthwave #3 in Bb.mapped,Synthwave #3 in Bb.mapped,True,,,,Only drums can't tag it !,Temparature 0.01 Self_Blend (Mapped),
Alternative Hip Hop #2 in G#m.mapped.Verse-Alternative Hip Hop #2 in G#m.mapped.Verse.D_T001.mid,Alternative Hip Hop #2 in G#m.mapped.Verse.mid,Alternative Hip Hop #2 in G#m.mapped.Verse.mid,Verse,Drums,0.01,0.8059228076380578,0.6563793080138774,0.0188802667706893,0.4532217720285996,,False,Alternative Hip Hop #2 in G#m.mapped,Alternative Hip Hop #2 in G#m.mapped,True,5.0,4.0,4.0,Good !,Temparature 0.01 Self_Blend (Mapped),
Alternative Hip Hop #2 in G#m.mapped.Verse-Alternative Hip Hop #2 in G#m.mapped.Verse.D_T001_orig_drums.mid,Alternative Hip Hop #2 in G#m.mapped.Verse.mid,Alternative Hip Hop #2 in G#m.mapped.Verse.mid,Verse,Drums,0.01,0.8673572763526762,0.6636229728560392,0.0254053092172618,1.0,1.0,True,Alternative Hip Hop #2 in G#m.mapped,Alternative Hip Hop #2 in G#m.mapped,True,5.0,4.0,4.0,Good !,Temparature 0.01 Self_Blend (Mapped),
