output_file,content_file,style_file,part,model_name,temperature,content_score,time_pitch_diff,onset.duration,onset.velocity,onset.drum_drums
Zilo.Verse-Alternative Hip Hop #2 in G#m.mapped.Verse.DV_T09.mid,Zilo.Verse.mid,Alternative Hip Hop #2 in G#m.mapped.Verse.mid,Verse,Drums and Velocity,0.9,0.4910304274180678,0.5577158781592867,0.016994360906271155,0.21896363653146744,0.17677669529663698
Zilo.Verse-Synthwave #3 in Bb.mapped.Verse.DV_T09.mid,Zilo.Verse.mid,Synthwave #3 in Bb.mapped.Verse.mid,Verse,Drums and Velocity,0.9,0.38754354445211736,0.6645137735249265,0.910160848292152,0.34381402683430107,0.08347257041177225
Zilo.Verse-Synthwave #5 in Am.mapped.Verse.DV_T09.mid,Zilo.Verse.mid,Synthwave #5 in Am.mapped.Verse.mid,Verse,Drums and Velocity,0.9,0.37871163307549616,0.6203418638177429,0.9257610943723225,0.5001541805663143,0.21218217784664373
Zilo.Verse-Synthwave #4 in Bb.mapped.Verse.DV_T09.mid,Zilo.Verse.mid,Synthwave #4 in Bb.mapped.Verse.mid,Verse,Drums and Velocity,0.9,0.4388953205742204,0.7041595423667021,0.6365266538299017,0.34379547612757355,0.0
Zilo.Verse-Synthwave #6 in A.mapped.Verse.DV_T09.mid,Zilo.Verse.mid,Synthwave #6 in A.mapped.Verse.mid,Verse,Drums and Velocity,0.9,0.4161917060422884,0.7295291756388752,0.8019255023429159,0.6704518948702102,0.0
Zilo.Verse-Synthwave #2 in Gm.mapped.Verse.DV_T09.mid,Zilo.Verse.mid,Synthwave #2 in Gm.mapped.Verse.mid,Verse,Drums and Velocity,0.9,0.4073383761195048,0.6456148789989107,0.5561154583025805,0.5752106803012902,0.40275033057792187
Zilo.Verse-Teen Pop #4 in Bb.mapped.Verse.DV_T09.mid,Zilo.Verse.mid,Teen Pop #4 in Bb.mapped.Verse.mid,Verse,Drums and Velocity,0.9,0.3465737504975053,0.8211536753753085,0.8684926208939218,0.714790378847106,0.2513123449750174
Zilo.Verse-Alternative Hip Hop #2 in G#m.mapped.Verse.DV_T01.mid,Zilo.Verse.mid,Alternative Hip Hop #2 in G#m.mapped.Verse.mid,Verse,Drums and Velocity,0.1,0.4865850784441257,0.37821801906287855,0.06563599287281052,0.40361772529266604,
Zilo.Verse-Synthwave #6 in A.mapped.Verse.DV_T01.mid,Zilo.Verse.mid,Synthwave #6 in A.mapped.Verse.mid,Verse,Drums and Velocity,0.1,0.44461995440387136,0.7771952451489045,0.7688262701874734,0.33325125229522046,
Zilo.Verse-Teen Pop #4 in Bb.mapped.Verse.DV_T01.mid,Zilo.Verse.mid,Teen Pop #4 in Bb.mapped.Verse.mid,Verse,Drums and Velocity,0.1,0.3190465970592914,0.82046112916353,0.8710248541749054,0.6511370513029981,0.0
Zilo.Verse-Synthwave #2 in Gm.mapped.Verse.DV_T01.mid,Zilo.Verse.mid,Synthwave #2 in Gm.mapped.Verse.mid,Verse,Drums and Velocity,0.1,0.38402261195348203,0.3482395735158905,0.07502814493581078,0.23487313154430567,0.0
Zilo.Verse-Synthwave #3 in Bb.mapped.Verse.DV_T01.mid,Zilo.Verse.mid,Synthwave #3 in Bb.mapped.Verse.mid,Verse,Drums and Velocity,0.1,0.3370362642267344,0.6386026290223398,0.9336315741668096,0.3342367528656166,0.0
Zilo.Verse-Synthwave #4 in Bb.mapped.Verse.DV_T01.mid,Zilo.Verse.mid,Synthwave #4 in Bb.mapped.Verse.mid,Verse,Drums and Velocity,0.1,0.3161622081322585,0.753404656814661,0.5791093291622696,0.2713792527908978,0.0
Zilo.Verse-Synthwave #5 in Am.mapped.Verse.DV_T01.mid,Zilo.Verse.mid,Synthwave #5 in Am.mapped.Verse.mid,Verse,Drums and Velocity,0.1,0.3389220020213464,0.6429903036533401,0.9370652817094287,0.4906823204637899,0.2034460631932271
Zilo.Verse-Alternative Hip Hop #2 in G#m.mapped.Verse.DV_T06.mid,Zilo.Verse.mid,Alternative Hip Hop #2 in G#m.mapped.Verse.mid,Verse,Drums and Velocity,0.6,0.49998233065954356,0.5470231295385558,0.04049356309833141,0.18528025433523576,
Zilo.Verse-Synthwave #4 in Bb.mapped.Verse.DV_T06.mid,Zilo.Verse.mid,Synthwave #4 in Bb.mapped.Verse.mid,Verse,Drums and Velocity,0.6,0.39415409928719264,0.6829944309792766,0.691804577565303,0.32053309457971135,0.0
Zilo.Verse-Synthwave #5 in Am.mapped.Verse.DV_T06.mid,Zilo.Verse.mid,Synthwave #5 in Am.mapped.Verse.mid,Verse,Drums and Velocity,0.6,0.351042714803455,0.5919470958607385,0.9010318903463304,0.38601533488972395,0.18443035994860701
Zilo.Verse-Teen Pop #4 in Bb.mapped.Verse.DV_T06.mid,Zilo.Verse.mid,Teen Pop #4 in Bb.mapped.Verse.mid,Verse,Drums and Velocity,0.6,0.3364796110142543,0.8877234587549365,0.9451532962016638,0.6862973906225692,0.20211302086361094
Zilo.Verse-Synthwave #6 in A.mapped.Verse.DV_T06.mid,Zilo.Verse.mid,Synthwave #6 in A.mapped.Verse.mid,Verse,Drums and Velocity,0.6,0.3892200343424821,0.8164466541326543,0.8030508922972588,0.653048874783661,
Zilo.Verse-Synthwave #2 in Gm.mapped.Verse.DV_T06.mid,Zilo.Verse.mid,Synthwave #2 in Gm.mapped.Verse.mid,Verse,Drums and Velocity,0.6,0.3890801745146108,0.6657185936989943,0.3658457810356712,0.3113941194290334,0.3041037593337558
Zilo.Verse-Synthwave #3 in Bb.mapped.Verse.DV_T06.mid,Zilo.Verse.mid,Synthwave #3 in Bb.mapped.Verse.mid,Verse,Drums and Velocity,0.6,0.3561059764633392,0.63549752863996,0.8896494128484287,0.391876494796909,0.25788951265400395
Zilo.Verse-Synthwave #4 in Bb.mapped.Verse.DV_T025.mid,Zilo.Verse.mid,Synthwave #4 in Bb.mapped.Verse.mid,Verse,Drums and Velocity,0.25,0.4033841596837736,0.6675805765219034,0.3029489531492655,0.5435777158081186,0.0
Zilo.Verse-Teen Pop #4 in Bb.mapped.Verse.DV_T025.mid,Zilo.Verse.mid,Teen Pop #4 in Bb.mapped.Verse.mid,Verse,Drums and Velocity,0.25,0.35426871831040097,0.8391876560424512,0.8437789866658947,0.8441172126687186,0.09805806756909208
Zilo.Verse-Alternative Hip Hop #2 in G#m.mapped.Verse.DV_T025.mid,Zilo.Verse.mid,Alternative Hip Hop #2 in G#m.mapped.Verse.mid,Verse,Drums and Velocity,0.25,0.34778456952839065,0.41312091097352144,0.08076051376245907,0.4038357259060621,
Zilo.Verse-Synthwave #2 in Gm.mapped.Verse.DV_T025.mid,Zilo.Verse.mid,Synthwave #2 in Gm.mapped.Verse.mid,Verse,Drums and Velocity,0.25,0.39899272373804884,0.5291942481441507,0.2756053298256955,0.38068528544421354,0.0
Zilo.Verse-Synthwave #5 in Am.mapped.Verse.DV_T025.mid,Zilo.Verse.mid,Synthwave #5 in Am.mapped.Verse.mid,Verse,Drums and Velocity,0.25,0.3129430673997427,0.5172911246774548,0.8951149132058944,0.35364109971349644,0.4915911661539477
Zilo.Verse-Synthwave #3 in Bb.mapped.Verse.DV_T025.mid,Zilo.Verse.mid,Synthwave #3 in Bb.mapped.Verse.mid,Verse,Drums and Velocity,0.25,0.34857829431570586,0.6417207800697993,0.931251928592646,0.24629979858513174,0.0
Zilo.Verse-Synthwave #6 in A.mapped.Verse.DV_T025.mid,Zilo.Verse.mid,Synthwave #6 in A.mapped.Verse.mid,Verse,Drums and Velocity,0.25,0.43018968141274155,0.7668335099680459,0.743589205678324,0.38993643715249493,
Zilo.Verse-Synthwave #3 in Bb.mapped.Verse.DV_T04.mid,Zilo.Verse.mid,Synthwave #3 in Bb.mapped.Verse.mid,Verse,Drums and Velocity,0.4,0.3318940975924493,0.6440686973073168,0.9372847360881512,0.3448409436956196,0.12852799213831423
Zilo.Verse-Synthwave #4 in Bb.mapped.Verse.DV_T04.mid,Zilo.Verse.mid,Synthwave #4 in Bb.mapped.Verse.mid,Verse,Drums and Velocity,0.4,0.39367020942723807,0.6585881954897113,0.6270209166840659,0.4321850819593229,0.0
Zilo.Verse-Synthwave #6 in A.mapped.Verse.DV_T04.mid,Zilo.Verse.mid,Synthwave #6 in A.mapped.Verse.mid,Verse,Drums and Velocity,0.4,0.4498486545520442,0.7550035881883992,0.6909046195175649,0.6297602503960988,
Zilo.Verse-Synthwave #5 in Am.mapped.Verse.DV_T04.mid,Zilo.Verse.mid,Synthwave #5 in Am.mapped.Verse.mid,Verse,Drums and Velocity,0.4,0.3596312094987087,0.5387498957043894,0.8789752076990163,0.3643972207492219,0.1569343436759696
Zilo.Verse-Teen Pop #4 in Bb.mapped.Verse.DV_T04.mid,Zilo.Verse.mid,Teen Pop #4 in Bb.mapped.Verse.mid,Verse,Drums and Velocity,0.4,0.3159990933980503,0.8306299232038025,0.8246490133398631,0.8182336652294268,0.15227739752537628
Zilo.Verse-Alternative Hip Hop #2 in G#m.mapped.Verse.DV_T04.mid,Zilo.Verse.mid,Alternative Hip Hop #2 in G#m.mapped.Verse.mid,Verse,Drums and Velocity,0.4,0.48013353022533584,0.30901279002946014,0.04356891473646207,0.25883681262124236,
Zilo.Verse-Synthwave #2 in Gm.mapped.Verse.DV_T04.mid,Zilo.Verse.mid,Synthwave #2 in Gm.mapped.Verse.mid,Verse,Drums and Velocity,0.4,0.39327751203315353,0.5747479303448045,0.3852240479966702,0.3440877075755767,0.13943875404554684
Zilo.Verse-Teen Pop #4 in Bb.mapped.Verse.D_T09.mid,Zilo.Verse.mid,Teen Pop #4 in Bb.mapped.Verse.mid,Verse,Drums,0.9,0.4240488561352763,0.929004286736959,0.9700502196818738,0.6498187772341676,0.43806286122556237
Zilo.Verse-Synthwave #3 in Bb.mapped.Verse.D_T09.mid,Zilo.Verse.mid,Synthwave #3 in Bb.mapped.Verse.mid,Verse,Drums,0.9,0.3894406370905018,0.6203870916810642,0.8995909300554598,0.8199225445030172,0.49705359838851915
Zilo.Verse-Synthwave #2 in Gm.mapped.Verse.D_T09.mid,Zilo.Verse.mid,Synthwave #2 in Gm.mapped.Verse.mid,Verse,Drums,0.9,0.4006369084183874,0.6112552676229068,0.5751695549195357,0.6153376052465153,0.1737488971052279
Zilo.Verse-Synthwave #4 in Bb.mapped.Verse.D_T09.mid,Zilo.Verse.mid,Synthwave #4 in Bb.mapped.Verse.mid,Verse,Drums,0.9,0.3933452117245904,0.6579779490320873,0.6938101632719835,0.781483717707503,
Zilo.Verse-Synthwave #6 in A.mapped.Verse.D_T09.mid,Zilo.Verse.mid,Synthwave #6 in A.mapped.Verse.mid,Verse,Drums,0.9,0.4063930864413547,0.8060615731192462,0.8691177689599011,0.7477336277936992,
Zilo.Verse-Synthwave #5 in Am.mapped.Verse.D_T09.mid,Zilo.Verse.mid,Synthwave #5 in Am.mapped.Verse.mid,Verse,Drums,0.9,0.3824813958842076,0.5732049643136445,0.9057787831653156,0.6035051924175168,0.2598596385368366
Zilo.Verse-Alternative Hip Hop #2 in G#m.mapped.Verse.D_T09.mid,Zilo.Verse.mid,Alternative Hip Hop #2 in G#m.mapped.Verse.mid,Verse,Drums,0.9,0.4709493724289502,0.6057855735372055,0.02380197111288651,0.5072383130938536,0.0
Zilo.Verse-Synthwave #3 in Bb.mapped.Verse.D_T01.mid,Zilo.Verse.mid,Synthwave #3 in Bb.mapped.Verse.mid,Verse,Drums,0.1,0.34446657424299265,0.6461818693965188,0.899602795404677,0.8259662113867476,0.0
Zilo.Verse-Alternative Hip Hop #2 in G#m.mapped.Verse.D_T01.mid,Zilo.Verse.mid,Alternative Hip Hop #2 in G#m.mapped.Verse.mid,Verse,Drums,0.1,0.4317124976103885,0.5990396122560915,0.016664744328220293,0.48272441737951,
Zilo.Verse-Synthwave #4 in Bb.mapped.Verse.D_T01.mid,Zilo.Verse.mid,Synthwave #4 in Bb.mapped.Verse.mid,Verse,Drums,0.1,0.3998257193266928,0.7554187462755594,0.4599952790069507,0.32209209165706243,
Zilo.Verse-Teen Pop #4 in Bb.mapped.Verse.D_T01.mid,Zilo.Verse.mid,Teen Pop #4 in Bb.mapped.Verse.mid,Verse,Drums,0.1,0.3890738689469778,0.8954442480001772,0.9741426704606098,0.650929274336155,0.4123930494211612
Zilo.Verse-Synthwave #6 in A.mapped.Verse.D_T01.mid,Zilo.Verse.mid,Synthwave #6 in A.mapped.Verse.mid,Verse,Drums,0.1,0.39622501068438254,0.7724261910674086,0.8548294352382271,0.6863741372146622,
Zilo.Verse-Synthwave #2 in Gm.mapped.Verse.D_T01.mid,Zilo.Verse.mid,Synthwave #2 in Gm.mapped.Verse.mid,Verse,Drums,0.1,0.3910715334913367,0.558508046658543,0.5214363949996241,0.6057226263129687,0.41522630811417005
Zilo.Verse-Synthwave #5 in Am.mapped.Verse.D_T01.mid,Zilo.Verse.mid,Synthwave #5 in Am.mapped.Verse.mid,Verse,Drums,0.1,0.3473412397525761,0.5626450084469162,0.9108992021293842,0.6569340567994807,0.5930672165988065
Zilo.Verse-Synthwave #5 in Am.mapped.Verse.D_T06.mid,Zilo.Verse.mid,Synthwave #5 in Am.mapped.Verse.mid,Verse,Drums,0.6,0.36954595908709603,0.5699082448344193,0.8973438730643315,0.6719381625317307,0.4397994971335427
Zilo.Verse-Synthwave #3 in Bb.mapped.Verse.D_T06.mid,Zilo.Verse.mid,Synthwave #3 in Bb.mapped.Verse.mid,Verse,Drums,0.6,0.3790918583052259,0.6082916560262169,0.8797009645596826,0.8251488789531289,0.08340576562282986
Zilo.Verse-Alternative Hip Hop #2 in G#m.mapped.Verse.D_T06.mid,Zilo.Verse.mid,Alternative Hip Hop #2 in G#m.mapped.Verse.mid,Verse,Drums,0.6,0.4652675310100012,0.5885950895790616,0.014628334068476412,0.4822607306208071,
Zilo.Verse-Synthwave #2 in Gm.mapped.Verse.D_T06.mid,Zilo.Verse.mid,Synthwave #2 in Gm.mapped.Verse.mid,Verse,Drums,0.6,0.38865978548387387,0.552556883476507,0.614169626412659,0.6023293344682212,0.15861031714362894
Zilo.Verse-Synthwave #6 in A.mapped.Verse.D_T06.mid,Zilo.Verse.mid,Synthwave #6 in A.mapped.Verse.mid,Verse,Drums,0.6,0.41463547521655997,0.7493470553668727,0.8479141180062427,0.7222148222524303,
Zilo.Verse-Teen Pop #4 in Bb.mapped.Verse.D_T06.mid,Zilo.Verse.mid,Teen Pop #4 in Bb.mapped.Verse.mid,Verse,Drums,0.6,0.39778182967036574,0.9202348472852487,0.9794529045353586,0.6505908655405579,0.40656246788536743
Zilo.Verse-Synthwave #4 in Bb.mapped.Verse.D_T06.mid,Zilo.Verse.mid,Synthwave #4 in Bb.mapped.Verse.mid,Verse,Drums,0.6,0.38691026144255536,0.672724786883895,0.7103505199232549,0.749017133508535,
Zilo.Verse-Synthwave #3 in Bb.mapped.Verse.D_T025.mid,Zilo.Verse.mid,Synthwave #3 in Bb.mapped.Verse.mid,Verse,Drums,0.25,0.3790353225054468,0.6445443581616356,0.8833290491203201,0.8256399441730639,0.0
Zilo.Verse-Synthwave #5 in Am.mapped.Verse.D_T025.mid,Zilo.Verse.mid,Synthwave #5 in Am.mapped.Verse.mid,Verse,Drums,0.25,0.3851901361323281,0.5676719252636717,0.9065911570687478,0.5869018941675881,0.5930672165988065
Zilo.Verse-Synthwave #4 in Bb.mapped.Verse.D_T025.mid,Zilo.Verse.mid,Synthwave #4 in Bb.mapped.Verse.mid,Verse,Drums,0.25,0.3966739021531966,0.7647931746508677,0.6815804590577456,0.8802582181502489,
Zilo.Verse-Alternative Hip Hop #2 in G#m.mapped.Verse.D_T025.mid,Zilo.Verse.mid,Alternative Hip Hop #2 in G#m.mapped.Verse.mid,Verse,Drums,0.25,0.4215900002086084,0.5988045433444029,0.017177095969779455,0.4877363201183804,
Zilo.Verse-Synthwave #6 in A.mapped.Verse.D_T025.mid,Zilo.Verse.mid,Synthwave #6 in A.mapped.Verse.mid,Verse,Drums,0.25,0.39598787826797377,0.7504971999839065,0.8501237578020485,0.6828121466325187,
Zilo.Verse-Synthwave #2 in Gm.mapped.Verse.D_T025.mid,Zilo.Verse.mid,Synthwave #2 in Gm.mapped.Verse.mid,Verse,Drums,0.25,0.3907174084177674,0.5548762393391445,0.5278702410973825,0.6055253225206616,0.41522630811417005
Zilo.Verse-Teen Pop #4 in Bb.mapped.Verse.D_T025.mid,Zilo.Verse.mid,Teen Pop #4 in Bb.mapped.Verse.mid,Verse,Drums,0.25,0.40936572103499186,0.9116530352899828,0.9760163603434523,0.650929274336155,0.41186804214347705
Zilo.Verse-Synthwave #3 in Bb.mapped.Verse.D_T04.mid,Zilo.Verse.mid,Synthwave #3 in Bb.mapped.Verse.mid,Verse,Drums,0.4,0.376207309056461,0.6349581373325712,0.8598484116272167,0.8249369696020464,0.04089304100547653
Zilo.Verse-Synthwave #5 in Am.mapped.Verse.D_T04.mid,Zilo.Verse.mid,Synthwave #5 in Am.mapped.Verse.mid,Verse,Drums,0.4,0.37416442333061395,0.5653418220392582,0.9079930486473359,0.5939661075600619,0.5930672165988065
Zilo.Verse-Synthwave #2 in Gm.mapped.Verse.D_T04.mid,Zilo.Verse.mid,Synthwave #2 in Gm.mapped.Verse.mid,Verse,Drums,0.4,0.38940574521244886,0.5626699174567602,0.5836622779046345,0.6077898640875581,0.3794004646718856
Zilo.Verse-Teen Pop #4 in Bb.mapped.Verse.D_T04.mid,Zilo.Verse.mid,Teen Pop #4 in Bb.mapped.Verse.mid,Verse,Drums,0.4,0.4070008549261449,0.8925400394389803,0.9692901285252716,0.6505908655405579,0.4285495643554835
Zilo.Verse-Synthwave #6 in A.mapped.Verse.D_T04.mid,Zilo.Verse.mid,Synthwave #6 in A.mapped.Verse.mid,Verse,Drums,0.4,0.3952095191257162,0.7873241655773593,0.8501237578020485,0.6828121466325187,
Zilo.Verse-Alternative Hip Hop #2 in G#m.mapped.Verse.D_T04.mid,Zilo.Verse.mid,Alternative Hip Hop #2 in G#m.mapped.Verse.mid,Verse,Drums,0.4,0.4415995091005878,0.5926653761624523,0.015950906715264224,0.48413030715297034,
Zilo.Verse-Synthwave #4 in Bb.mapped.Verse.D_T04.mid,Zilo.Verse.mid,Synthwave #4 in Bb.mapped.Verse.mid,Verse,Drums,0.4,0.41954025385419347,0.7508556414030576,0.7018431203599016,0.8940315848015701,
Zilo.Verse-Teen Pop #4 in Bb.mapped.Verse.N_T09.mid,Zilo.Verse.mid,Teen Pop #4 in Bb.mapped.Verse.mid,Verse,None,0.9,0.39637219390174605,0.8882137981974857,0.9878908017852852,0.65493292516302,0.0
Zilo.Verse-Synthwave #5 in Am.mapped.Verse.N_T09.mid,Zilo.Verse.mid,Synthwave #5 in Am.mapped.Verse.mid,Verse,None,0.9,0.3756216379502244,0.5746127404377984,0.9065342967243933,0.6427800462041356,0.22250618336725214
Zilo.Verse-Synthwave #2 in Gm.mapped.Verse.N_T09.mid,Zilo.Verse.mid,Synthwave #2 in Gm.mapped.Verse.mid,Verse,None,0.9,0.3962102636401405,0.6041293423786007,0.6988810998871463,0.5956452460090176,0.0
Zilo.Verse-Synthwave #3 in Bb.mapped.Verse.N_T09.mid,Zilo.Verse.mid,Synthwave #3 in Bb.mapped.Verse.mid,Verse,None,0.9,0.39666692868716696,0.5910531102940346,0.883598402652185,0.8248827898557431,0.06255432421712237
Zilo.Verse-Synthwave #6 in A.mapped.Verse.N_T09.mid,Zilo.Verse.mid,Synthwave #6 in A.mapped.Verse.mid,Verse,None,0.9,0.4457273039943105,0.7411335507998326,0.8821377718392664,0.734444394505674,0.0
Zilo.Verse-Synthwave #4 in Bb.mapped.Verse.N_T09.mid,Zilo.Verse.mid,Synthwave #4 in Bb.mapped.Verse.mid,Verse,None,0.9,0.4875720674683646,0.7126765203635445,0.6381707588833,0.8852486367067239,0.2672612419124245
Zilo.Verse-Alternative Hip Hop #2 in G#m.mapped.Verse.N_T09.mid,Zilo.Verse.mid,Alternative Hip Hop #2 in G#m.mapped.Verse.mid,Verse,None,0.9,0.4523067037279781,0.5954114173932445,0.02854104631372323,0.5962121299135069,0.0
Zilo.Verse-Synthwave #5 in Am.mapped.Verse.N_T01.mid,Zilo.Verse.mid,Synthwave #5 in Am.mapped.Verse.mid,Verse,None,0.1,0.33981731653584213,0.588247859846427,0.9197620081174018,0.6514159962964954,0.21006959708296036
Zilo.Verse-Synthwave #6 in A.mapped.Verse.N_T01.mid,Zilo.Verse.mid,Synthwave #6 in A.mapped.Verse.mid,Verse,None,0.1,0.40264466413412175,0.7529319533186908,0.8553747612479374,0.7105058386780739,
Zilo.Verse-Synthwave #3 in Bb.mapped.Verse.N_T01.mid,Zilo.Verse.mid,Synthwave #3 in Bb.mapped.Verse.mid,Verse,None,0.1,0.3568577993477958,0.6147247689820957,0.9279112468132814,0.8205268949135107,0.0
Zilo.Verse-Synthwave #4 in Bb.mapped.Verse.N_T01.mid,Zilo.Verse.mid,Synthwave #4 in Bb.mapped.Verse.mid,Verse,None,0.1,0.46869717656632154,0.7086765090583156,0.5636597814352785,0.7905904605565002,
Zilo.Verse-Teen Pop #4 in Bb.mapped.Verse.N_T01.mid,Zilo.Verse.mid,Teen Pop #4 in Bb.mapped.Verse.mid,Verse,None,0.1,0.37228056266216414,0.916143727301988,0.9860632805885544,0.650929274336155,0.0
Zilo.Verse-Synthwave #2 in Gm.mapped.Verse.N_T01.mid,Zilo.Verse.mid,Synthwave #2 in Gm.mapped.Verse.mid,Verse,None,0.1,0.379706800060016,0.5473092532407318,0.6510681030171471,0.6033763614478898,0.0
Zilo.Verse-Alternative Hip Hop #2 in G#m.mapped.Verse.N_T01.mid,Zilo.Verse.mid,Alternative Hip Hop #2 in G#m.mapped.Verse.mid,Verse,None,0.1,0.4071059226590907,0.5899431170952648,0.022176702291319628,0.6331535598061461,
Zilo.Verse-Synthwave #2 in Gm.mapped.Verse.N_T06.mid,Zilo.Verse.mid,Synthwave #2 in Gm.mapped.Verse.mid,Verse,None,0.6,0.3865081415078884,0.5864854909401568,0.6987568880194732,0.6021283097140658,0.019048482943986533
Zilo.Verse-Teen Pop #4 in Bb.mapped.Verse.N_T06.mid,Zilo.Verse.mid,Teen Pop #4 in Bb.mapped.Verse.mid,Verse,None,0.6,0.3776035096586155,0.9051264491945169,0.9872159312329448,0.6529937155197181,0.40269363312841455
Zilo.Verse-Alternative Hip Hop #2 in G#m.mapped.Verse.N_T06.mid,Zilo.Verse.mid,Alternative Hip Hop #2 in G#m.mapped.Verse.mid,Verse,None,0.6,0.439923796980214,0.594381696354501,0.03150147787209456,0.6495255066747571,0.0
Zilo.Verse-Synthwave #6 in A.mapped.Verse.N_T06.mid,Zilo.Verse.mid,Synthwave #6 in A.mapped.Verse.mid,Verse,None,0.6,0.424486499830365,0.7630544722160784,0.8542158603786598,0.6975101556168041,0.12598815766974247
Zilo.Verse-Synthwave #4 in Bb.mapped.Verse.N_T06.mid,Zilo.Verse.mid,Synthwave #4 in Bb.mapped.Verse.mid,Verse,None,0.6,0.47919153219530297,0.690512375619248,0.5551164074741884,0.7306010139785178,0.0
Zilo.Verse-Synthwave #5 in Am.mapped.Verse.N_T06.mid,Zilo.Verse.mid,Synthwave #5 in Am.mapped.Verse.mid,Verse,None,0.6,0.3311234421793509,0.5881030697158693,0.9181380386850574,0.7346220083643572,0.2826134210271707
Zilo.Verse-Synthwave #3 in Bb.mapped.Verse.N_T06.mid,Zilo.Verse.mid,Synthwave #3 in Bb.mapped.Verse.mid,Verse,None,0.6,0.3799985842655005,0.6248722023248947,0.8921589586784567,0.8200843830325079,0.024573659359149458
Zilo.Verse-Synthwave #4 in Bb.mapped.Verse.N_T025.mid,Zilo.Verse.mid,Synthwave #4 in Bb.mapped.Verse.mid,Verse,None,0.25,0.46400913704123053,0.6938758424282835,0.5685715880742803,0.7905904605565002,0.0
Zilo.Verse-Synthwave #6 in A.mapped.Verse.N_T025.mid,Zilo.Verse.mid,Synthwave #6 in A.mapped.Verse.mid,Verse,None,0.25,0.4272368068357437,0.7533284098105547,0.8276662318582992,0.6883656796034459,
Zilo.Verse-Teen Pop #4 in Bb.mapped.Verse.N_T025.mid,Zilo.Verse.mid,Teen Pop #4 in Bb.mapped.Verse.mid,Verse,None,0.25,0.37640467394175425,0.9155399867468986,0.9846421162775264,0.650929274336155,0.0
Zilo.Verse-Synthwave #5 in Am.mapped.Verse.N_T025.mid,Zilo.Verse.mid,Synthwave #5 in Am.mapped.Verse.mid,Verse,None,0.25,0.35179177066952166,0.5274795065043008,0.9374989687094578,0.6330561968862439,0.21585772176185236
Zilo.Verse-Synthwave #2 in Gm.mapped.Verse.N_T025.mid,Zilo.Verse.mid,Synthwave #2 in Gm.mapped.Verse.mid,Verse,None,0.25,0.3778206822356185,0.5535473425875139,0.6475399608825765,0.6005121918163445,0.01982628964295363
Zilo.Verse-Alternative Hip Hop #2 in G#m.mapped.Verse.N_T025.mid,Zilo.Verse.mid,Alternative Hip Hop #2 in G#m.mapped.Verse.mid,Verse,None,0.25,0.4176325640527964,0.6079444526474922,0.03450417896289293,0.6506521779580776,
Zilo.Verse-Synthwave #3 in Bb.mapped.Verse.N_T025.mid,Zilo.Verse.mid,Synthwave #3 in Bb.mapped.Verse.mid,Verse,None,0.25,0.349542555175305,0.6177379089304564,0.916653709858358,0.8195253085853925,0.0
Zilo.Verse-Synthwave #3 in Bb.mapped.Verse.N_T04.mid,Zilo.Verse.mid,Synthwave #3 in Bb.mapped.Verse.mid,Verse,None,0.4,0.36197061413795123,0.649883538709747,0.9131844671308191,0.8279863119950711,0.0
Zilo.Verse-Synthwave #4 in Bb.mapped.Verse.N_T04.mid,Zilo.Verse.mid,Synthwave #4 in Bb.mapped.Verse.mid,Verse,None,0.4,0.47537656643869297,0.6629408315807619,0.5440927996383085,0.768926030728429,0.0
Zilo.Verse-Synthwave #2 in Gm.mapped.Verse.N_T04.mid,Zilo.Verse.mid,Synthwave #2 in Gm.mapped.Verse.mid,Verse,None,0.4,0.3771664852973674,0.6023354919571811,0.7012989907484877,0.6333104443602318,0.01982628964295363
Zilo.Verse-Teen Pop #4 in Bb.mapped.Verse.N_T04.mid,Zilo.Verse.mid,Teen Pop #4 in Bb.mapped.Verse.mid,Verse,None,0.4,0.3632790861778125,0.9185684373695003,0.9817078436847229,0.650929274336155,0.0
Zilo.Verse-Synthwave #6 in A.mapped.Verse.N_T04.mid,Zilo.Verse.mid,Synthwave #6 in A.mapped.Verse.mid,Verse,None,0.4,0.43223041902422255,0.7360394233069494,0.8452690577929867,0.6790961722149066,
Zilo.Verse-Synthwave #5 in Am.mapped.Verse.N_T04.mid,Zilo.Verse.mid,Synthwave #5 in Am.mapped.Verse.mid,Verse,None,0.4,0.3464025336998785,0.5561788238320587,0.9168438706059057,0.7310937858494327,0.2614653776396034
Zilo.Verse-Alternative Hip Hop #2 in G#m.mapped.Verse.N_T04.mid,Zilo.Verse.mid,Alternative Hip Hop #2 in G#m.mapped.Verse.mid,Verse,None,0.4,0.45085306845609646,0.6172764297762122,0.02654751074112749,0.6577077042799292,0.0
Zilo.Verse-Synthwave #3 in Bb.mapped.Verse.V_T09.mid,Zilo.Verse.mid,Synthwave #3 in Bb.mapped.Verse.mid,Verse,Velocity,0.9,0.38308981027367667,0.6425405207850087,0.9285429689810007,0.4777985528337657,0.0
Zilo.Verse-Teen Pop #4 in Bb.mapped.Verse.V_T09.mid,Zilo.Verse.mid,Teen Pop #4 in Bb.mapped.Verse.mid,Verse,Velocity,0.9,0.37379038188250213,0.8792016132956048,0.966179176201725,0.7991963638930958,0.0
Zilo.Verse-Synthwave #5 in Am.mapped.Verse.V_T09.mid,Zilo.Verse.mid,Synthwave #5 in Am.mapped.Verse.mid,Verse,Velocity,0.9,0.4109060633003659,0.6140709692906002,0.9064787446974555,0.4679442378980313,0.2165984617143466
Zilo.Verse-Synthwave #4 in Bb.mapped.Verse.V_T09.mid,Zilo.Verse.mid,Synthwave #4 in Bb.mapped.Verse.mid,Verse,Velocity,0.9,0.4412890199824311,0.6649348213044832,0.6645288740043654,0.45998789624621517,0.0
Zilo.Verse-Synthwave #2 in Gm.mapped.Verse.V_T09.mid,Zilo.Verse.mid,Synthwave #2 in Gm.mapped.Verse.mid,Verse,Velocity,0.9,0.41649783085860376,0.6622754205322338,0.7144499744031483,0.5853753209921329,0.0
Zilo.Verse-Synthwave #6 in A.mapped.Verse.V_T09.mid,Zilo.Verse.mid,Synthwave #6 in A.mapped.Verse.mid,Verse,Velocity,0.9,0.4130782135723531,0.7564485009597989,0.8672261201547667,0.5113024796823431,
Zilo.Verse-Alternative Hip Hop #2 in G#m.mapped.Verse.V_T09.mid,Zilo.Verse.mid,Alternative Hip Hop #2 in G#m.mapped.Verse.mid,Verse,Velocity,0.9,0.4362556296833758,0.5555581556690763,0.01878931908102599,0.09316650206752863,
Zilo.Verse-Synthwave #2 in Gm.mapped.Verse.V_T01.mid,Zilo.Verse.mid,Synthwave #2 in Gm.mapped.Verse.mid,Verse,Velocity,0.1,0.3918206143706626,0.48296747824099184,0.27640598525696225,0.37448893631569624,0.0
Zilo.Verse-Synthwave #5 in Am.mapped.Verse.V_T01.mid,Zilo.Verse.mid,Synthwave #5 in Am.mapped.Verse.mid,Verse,Velocity,0.1,0.37922756021307646,0.678453153095037,0.8997944117196525,0.48886406943304905,0.229755311944142
Zilo.Verse-Synthwave #6 in A.mapped.Verse.V_T01.mid,Zilo.Verse.mid,Synthwave #6 in A.mapped.Verse.mid,Verse,Velocity,0.1,0.3906419159358845,0.7368766227722303,0.8220214850964713,0.5552999758433749,
Zilo.Verse-Teen Pop #4 in Bb.mapped.Verse.V_T01.mid,Zilo.Verse.mid,Teen Pop #4 in Bb.mapped.Verse.mid,Verse,Velocity,0.1,0.33129684689957517,0.7630647455844597,0.9280840703105953,0.6221450732879402,0.0
Zilo.Verse-Alternative Hip Hop #2 in G#m.mapped.Verse.V_T01.mid,Zilo.Verse.mid,Alternative Hip Hop #2 in G#m.mapped.Verse.mid,Verse,Velocity,0.1,0.3136221538387062,0.6672167310620525,0.0374203366631124,0.3268516573532626,
Zilo.Verse-Synthwave #3 in Bb.mapped.Verse.V_T01.mid,Zilo.Verse.mid,Synthwave #3 in Bb.mapped.Verse.mid,Verse,Velocity,0.1,0.3472411005763994,0.6102613601703161,0.9129602643998684,0.5777839029980736,0.0
Zilo.Verse-Synthwave #4 in Bb.mapped.Verse.V_T01.mid,Zilo.Verse.mid,Synthwave #4 in Bb.mapped.Verse.mid,Verse,Velocity,0.1,0.3895222462326255,0.7678888146836957,0.6138064658598348,0.6994953358846966,
Zilo.Verse-Synthwave #6 in A.mapped.Verse.V_T06.mid,Zilo.Verse.mid,Synthwave #6 in A.mapped.Verse.mid,Verse,Velocity,0.6,0.3924310063213817,0.7930589285075585,0.9063668920603495,0.5016298180141278,
Zilo.Verse-Synthwave #4 in Bb.mapped.Verse.V_T06.mid,Zilo.Verse.mid,Synthwave #4 in Bb.mapped.Verse.mid,Verse,Velocity,0.6,0.37573088716185704,0.6749726362985228,0.51200570953373,0.49768820010203174,0.0
Zilo.Verse-Alternative Hip Hop #2 in G#m.mapped.Verse.V_T06.mid,Zilo.Verse.mid,Alternative Hip Hop #2 in G#m.mapped.Verse.mid,Verse,Velocity,0.6,0.38202385692615726,0.4861580561371288,0.036465560645494666,0.30944040549933505,
Zilo.Verse-Synthwave #3 in Bb.mapped.Verse.V_T06.mid,Zilo.Verse.mid,Synthwave #3 in Bb.mapped.Verse.mid,Verse,Velocity,0.6,0.3871150545461178,0.6300732757958376,0.9335563349984423,0.5512454254587543,0.026064301757134367
Zilo.Verse-Synthwave #5 in Am.mapped.Verse.V_T06.mid,Zilo.Verse.mid,Synthwave #5 in Am.mapped.Verse.mid,Verse,Velocity,0.6,0.3772394982916781,0.6380176797112245,0.8774513089849898,0.528003796951006,0.0
Zilo.Verse-Synthwave #2 in Gm.mapped.Verse.V_T06.mid,Zilo.Verse.mid,Synthwave #2 in Gm.mapped.Verse.mid,Verse,Velocity,0.6,0.38231350342731507,0.6002746274650541,0.6230126635646104,0.49128903775147115,0.0
Zilo.Verse-Teen Pop #4 in Bb.mapped.Verse.V_T06.mid,Zilo.Verse.mid,Teen Pop #4 in Bb.mapped.Verse.mid,Verse,Velocity,0.6,0.36901153841128675,0.8919927519329818,0.9675985279541858,0.7366973630296471,0.22360679774997894
Zilo.Verse-Alternative Hip Hop #2 in G#m.mapped.Verse.V_T025.mid,Zilo.Verse.mid,Alternative Hip Hop #2 in G#m.mapped.Verse.mid,Verse,Velocity,0.25,0.3083701503594339,0.6471138429644337,0.04356706251110831,0.33945268639985093,
Zilo.Verse-Synthwave #6 in A.mapped.Verse.V_T025.mid,Zilo.Verse.mid,Synthwave #6 in A.mapped.Verse.mid,Verse,Velocity,0.25,0.3831679569813862,0.7465331242566131,0.8791430162052496,0.4375668361770024,
Zilo.Verse-Synthwave #5 in Am.mapped.Verse.V_T025.mid,Zilo.Verse.mid,Synthwave #5 in Am.mapped.Verse.mid,Verse,Velocity,0.25,0.3723638861255755,0.6345364974803216,0.919325812075884,0.4443995944150735,0.41884080252006595
Zilo.Verse-Synthwave #3 in Bb.mapped.Verse.V_T025.mid,Zilo.Verse.mid,Synthwave #3 in Bb.mapped.Verse.mid,Verse,Velocity,0.25,0.35770102360858835,0.6597489738080354,0.9273223300181226,0.5245073077609644,0.0
Zilo.Verse-Synthwave #4 in Bb.mapped.Verse.V_T025.mid,Zilo.Verse.mid,Synthwave #4 in Bb.mapped.Verse.mid,Verse,Velocity,0.25,0.41448041208391734,0.7433678653374945,0.6023968403807549,0.6929391255271495,
Zilo.Verse-Teen Pop #4 in Bb.mapped.Verse.V_T025.mid,Zilo.Verse.mid,Teen Pop #4 in Bb.mapped.Verse.mid,Verse,Velocity,0.25,0.298153527073923,0.7240810228927452,0.9362235410547347,0.6318462309832333,0.0
Zilo.Verse-Synthwave #2 in Gm.mapped.Verse.V_T025.mid,Zilo.Verse.mid,Synthwave #2 in Gm.mapped.Verse.mid,Verse,Velocity,0.25,0.37958649233950037,0.5449798349662878,0.5553478044063738,0.40502275413878164,0.0
Zilo.Verse-Synthwave #4 in Bb.mapped.Verse.V_T04.mid,Zilo.Verse.mid,Synthwave #4 in Bb.mapped.Verse.mid,Verse,Velocity,0.4,0.3812238907831528,0.6220101423574882,0.5874051882401132,0.4545429324525513,
Zilo.Verse-Synthwave #2 in Gm.mapped.Verse.V_T04.mid,Zilo.Verse.mid,Synthwave #2 in Gm.mapped.Verse.mid,Verse,Velocity,0.4,0.3654818211652746,0.5718944606665063,0.6296088741024386,0.41548790624969434,0.0
Zilo.Verse-Synthwave #6 in A.mapped.Verse.V_T04.mid,Zilo.Verse.mid,Synthwave #6 in A.mapped.Verse.mid,Verse,Velocity,0.4,0.37198770141099663,0.7722958813389749,0.9148434408210042,0.5345244011941716,
Zilo.Verse-Teen Pop #4 in Bb.mapped.Verse.V_T04.mid,Zilo.Verse.mid,Teen Pop #4 in Bb.mapped.Verse.mid,Verse,Velocity,0.4,0.35770679699940516,0.8947896621323803,0.9690544436271192,0.7604068320751675,0.0
Zilo.Verse-Alternative Hip Hop #2 in G#m.mapped.Verse.V_T04.mid,Zilo.Verse.mid,Alternative Hip Hop #2 in G#m.mapped.Verse.mid,Verse,Velocity,0.4,0.3258134093773068,0.5951834788225331,0.0660006648989363,0.45012465230445053,
Zilo.Verse-Synthwave #5 in Am.mapped.Verse.V_T04.mid,Zilo.Verse.mid,Synthwave #5 in Am.mapped.Verse.mid,Verse,Velocity,0.4,0.3425316531052468,0.6730209371406892,0.888525082393269,0.42718292293218973,0.09664856167204205
Zilo.Verse-Synthwave #3 in Bb.mapped.Verse.V_T04.mid,Zilo.Verse.mid,Synthwave #3 in Bb.mapped.Verse.mid,Verse,Velocity,0.4,0.35600169788174685,0.6529296532514245,0.9313645940082488,0.5316162236970794,0.0
Zilo.Pre_Chorus-Synthwave #2 in Gm.mapped.Pre_Chorus.DV_T09.mid,Zilo.Pre_Chorus.mid,Synthwave #2 in Gm.mapped.Pre_Chorus.mid,Pre_Chorus,Drums and Velocity,0.9,0.5960502114493935,0.8052740555497023,0.5815637821747764,0.2976564804125934,
Zilo.Pre_Chorus-Synthwave #3 in Bb.mapped.Pre_Chorus.DV_T09.mid,Zilo.Pre_Chorus.mid,Synthwave #3 in Bb.mapped.Pre_Chorus.mid,Pre_Chorus,Drums and Velocity,0.9,0.5852415754269906,0.35957305731159706,0.32732683535398843,0.5306618532579187,0.13693063937629169
Zilo.Pre_Chorus-Alternative Hip Hop #2 in G#m.mapped.Pre_Chorus.DV_T09.mid,Zilo.Pre_Chorus.mid,Alternative Hip Hop #2 in G#m.mapped.Pre_Chorus.mid,Pre_Chorus,Drums and Velocity,0.9,0.5249549422227845,0.7189428758307214,0.11276206129864719,0.2460494242972433,
Zilo.Pre_Chorus-Synthwave #4 in Bb.mapped.Pre_Chorus.DV_T09.mid,Zilo.Pre_Chorus.mid,Synthwave #4 in Bb.mapped.Pre_Chorus.mid,Pre_Chorus,Drums and Velocity,0.9,0.458389878202896,0.6037813733953395,0.1731600029189555,0.26446146508874135,0.0
Zilo.Pre_Chorus-Synthwave #5 in Am.mapped.Pre_Chorus.DV_T09.mid,Zilo.Pre_Chorus.mid,Synthwave #5 in Am.mapped.Pre_Chorus.mid,Pre_Chorus,Drums and Velocity,0.9,0.5044887374622302,0.7950374765471165,0.2461915526666134,0.7311228934620683,0.3299560087980449
Zilo.Pre_Chorus-Teen Pop #4 in Bb.mapped.Pre_Chorus.DV_T09.mid,Zilo.Pre_Chorus.mid,Teen Pop #4 in Bb.mapped.Pre_Chorus.mid,Pre_Chorus,Drums and Velocity,0.9,0.49370331288464137,0.8111490466535595,0.8331343952960034,0.6069011413030465,0.050000000000000044
Zilo.Pre_Chorus-Synthwave #6 in A.mapped.Pre_Chorus.DV_T09.mid,Zilo.Pre_Chorus.mid,Synthwave #6 in A.mapped.Pre_Chorus.mid,Pre_Chorus,Drums and Velocity,0.9,0.5150377702532064,0.7756712560017528,0.6739516162355211,0.7086466681836073,0.519959130622185
Zilo.Pre_Chorus-Synthwave #4 in Bb.mapped.Pre_Chorus.DV_T01.mid,Zilo.Pre_Chorus.mid,Synthwave #4 in Bb.mapped.Pre_Chorus.mid,Pre_Chorus,Drums and Velocity,0.1,0.4391668161569375,0.4453649586276851,0.05813957330048125,0.2954958442761262,0.0
Zilo.Pre_Chorus-Synthwave #3 in Bb.mapped.Pre_Chorus.DV_T01.mid,Zilo.Pre_Chorus.mid,Synthwave #3 in Bb.mapped.Pre_Chorus.mid,Pre_Chorus,Drums and Velocity,0.1,0.5959500217540512,0.15261607059086502,0.0,0.42401324748473734,0.13968605915391574
Zilo.Pre_Chorus-Synthwave #6 in A.mapped.Pre_Chorus.DV_T01.mid,Zilo.Pre_Chorus.mid,Synthwave #6 in A.mapped.Pre_Chorus.mid,Pre_Chorus,Drums and Velocity,0.1,0.5316704930666978,0.8607731049276002,0.6905632691359023,0.4228838515133513,0.31722063428725744
Zilo.Pre_Chorus-Alternative Hip Hop #2 in G#m.mapped.Pre_Chorus.DV_T01.mid,Zilo.Pre_Chorus.mid,Alternative Hip Hop #2 in G#m.mapped.Pre_Chorus.mid,Pre_Chorus,Drums and Velocity,0.1,0.5989018100851131,0.43256130811425075,0.1575132530007184,0.4684108896346528,
Zilo.Pre_Chorus-Synthwave #2 in Gm.mapped.Pre_Chorus.DV_T01.mid,Zilo.Pre_Chorus.mid,Synthwave #2 in Gm.mapped.Pre_Chorus.mid,Pre_Chorus,Drums and Velocity,0.1,0.5624565850885602,0.8170504327776309,0.48267780488657763,0.37557364899249057,
Zilo.Pre_Chorus-Teen Pop #4 in Bb.mapped.Pre_Chorus.DV_T01.mid,Zilo.Pre_Chorus.mid,Teen Pop #4 in Bb.mapped.Pre_Chorus.mid,Pre_Chorus,Drums and Velocity,0.1,0.4922469461522533,0.8296285501477525,0.8889153274111273,0.6442766192497462,0.18325416653445803
Zilo.Pre_Chorus-Synthwave #5 in Am.mapped.Pre_Chorus.DV_T01.mid,Zilo.Pre_Chorus.mid,Synthwave #5 in Am.mapped.Pre_Chorus.mid,Pre_Chorus,Drums and Velocity,0.1,0.5038615699409073,0.6692627420059436,0.0,0.6267745083723719,0.0
Zilo.Pre_Chorus-Synthwave #5 in Am.mapped.Pre_Chorus.DV_T06.mid,Zilo.Pre_Chorus.mid,Synthwave #5 in Am.mapped.Pre_Chorus.mid,Pre_Chorus,Drums and Velocity,0.6,0.5075500416758844,0.7662752167638914,0.289778630168686,0.7184221703120808,0.08333333333333337
Zilo.Pre_Chorus-Synthwave #4 in Bb.mapped.Pre_Chorus.DV_T06.mid,Zilo.Pre_Chorus.mid,Synthwave #4 in Bb.mapped.Pre_Chorus.mid,Pre_Chorus,Drums and Velocity,0.6,0.46342055690890516,0.5687168825347922,0.0803112065552738,0.23593256412185026,0.0
Zilo.Pre_Chorus-Synthwave #3 in Bb.mapped.Pre_Chorus.DV_T06.mid,Zilo.Pre_Chorus.mid,Synthwave #3 in Bb.mapped.Pre_Chorus.mid,Pre_Chorus,Drums and Velocity,0.6,0.5039070631673487,0.23626998025505763,0.33432392491786567,0.445368139502909,0.21997067253202984
Zilo.Pre_Chorus-Synthwave #6 in A.mapped.Pre_Chorus.DV_T06.mid,Zilo.Pre_Chorus.mid,Synthwave #6 in A.mapped.Pre_Chorus.mid,Pre_Chorus,Drums and Velocity,0.6,0.48026907368329386,0.863816013836088,0.6340416617650423,0.6468111961712719,0.036711154910717636
Zilo.Pre_Chorus-Synthwave #2 in Gm.mapped.Pre_Chorus.DV_T06.mid,Zilo.Pre_Chorus.mid,Synthwave #2 in Gm.mapped.Pre_Chorus.mid,Pre_Chorus,Drums and Velocity,0.6,0.5800161595315341,0.8199579040845157,0.47908160621025386,0.29375735085862176,
Zilo.Pre_Chorus-Alternative Hip Hop #2 in G#m.mapped.Pre_Chorus.DV_T06.mid,Zilo.Pre_Chorus.mid,Alternative Hip Hop #2 in G#m.mapped.Pre_Chorus.mid,Pre_Chorus,Drums and Velocity,0.6,0.5205878942341944,0.6147811385962721,0.13304559084982592,0.2735822554720334,
Zilo.Pre_Chorus-Teen Pop #4 in Bb.mapped.Pre_Chorus.DV_T06.mid,Zilo.Pre_Chorus.mid,Teen Pop #4 in Bb.mapped.Pre_Chorus.mid,Pre_Chorus,Drums and Velocity,0.6,0.44759666294426026,0.7801327777749489,0.8861789334486644,0.7428001712478999,0.2386067861159168
Zilo.Pre_Chorus-Synthwave #4 in Bb.mapped.Pre_Chorus.DV_T025.mid,Zilo.Pre_Chorus.mid,Synthwave #4 in Bb.mapped.Pre_Chorus.mid,Pre_Chorus,Drums and Velocity,0.25,0.4463147812654323,0.4661808324070811,0.0773898496109261,0.3008599879964058,0.0
Zilo.Pre_Chorus-Synthwave #6 in A.mapped.Pre_Chorus.DV_T025.mid,Zilo.Pre_Chorus.mid,Synthwave #6 in A.mapped.Pre_Chorus.mid,Pre_Chorus,Drums and Velocity,0.25,0.48971095617713006,0.8331600990001359,0.5615772631426195,0.4311486878716567,0.31722063428725744
Zilo.Pre_Chorus-Synthwave #2 in Gm.mapped.Pre_Chorus.DV_T025.mid,Zilo.Pre_Chorus.mid,Synthwave #2 in Gm.mapped.Pre_Chorus.mid,Pre_Chorus,Drums and Velocity,0.25,0.5671858889056551,0.803151347766234,0.49445040501663584,0.3696283960953286,
Zilo.Pre_Chorus-Alternative Hip Hop #2 in G#m.mapped.Pre_Chorus.DV_T025.mid,Zilo.Pre_Chorus.mid,Alternative Hip Hop #2 in G#m.mapped.Pre_Chorus.mid,Pre_Chorus,Drums and Velocity,0.25,0.44586969381743874,0.40168854072717064,0.17278542666076158,0.4786338830492357,
Zilo.Pre_Chorus-Synthwave #3 in Bb.mapped.Pre_Chorus.DV_T025.mid,Zilo.Pre_Chorus.mid,Synthwave #3 in Bb.mapped.Pre_Chorus.mid,Pre_Chorus,Drums and Velocity,0.25,0.49711201227766083,0.5466700670350058,0.38719109432113064,0.4684579890854609,0.1708176640502529
Zilo.Pre_Chorus-Synthwave #5 in Am.mapped.Pre_Chorus.DV_T025.mid,Zilo.Pre_Chorus.mid,Synthwave #5 in Am.mapped.Pre_Chorus.mid,Pre_Chorus,Drums and Velocity,0.25,0.4750764405138175,0.8075463757641588,0.17054905356744077,0.6359416733995028,0.1581138830084191
Zilo.Pre_Chorus-Teen Pop #4 in Bb.mapped.Pre_Chorus.DV_T025.mid,Zilo.Pre_Chorus.mid,Teen Pop #4 in Bb.mapped.Pre_Chorus.mid,Pre_Chorus,Drums and Velocity,0.25,0.4899737270158071,0.8618475990026034,0.8850847197645205,0.6805903439901145,0.2848860683544321
Zilo.Pre_Chorus-Teen Pop #4 in Bb.mapped.Pre_Chorus.DV_T04.mid,Zilo.Pre_Chorus.mid,Teen Pop #4 in Bb.mapped.Pre_Chorus.mid,Pre_Chorus,Drums and Velocity,0.4,0.4553986001275648,0.8243926566124049,0.914547943232695,0.7300544253512468,0.26064301757134367
Zilo.Pre_Chorus-Synthwave #4 in Bb.mapped.Pre_Chorus.DV_T04.mid,Zilo.Pre_Chorus.mid,Synthwave #4 in Bb.mapped.Pre_Chorus.mid,Pre_Chorus,Drums and Velocity,0.4,0.45993448380945695,0.6354903761660744,0.11744732943395153,0.2585738499053012,0.0
Zilo.Pre_Chorus-Synthwave #3 in Bb.mapped.Pre_Chorus.DV_T04.mid,Zilo.Pre_Chorus.mid,Synthwave #3 in Bb.mapped.Pre_Chorus.mid,Pre_Chorus,Drums and Velocity,0.4,0.5167446299321711,0.29493101648521713,0.358568582800318,0.3307907078519827,0.17256712249065853
Zilo.Pre_Chorus-Synthwave #2 in Gm.mapped.Pre_Chorus.DV_T04.mid,Zilo.Pre_Chorus.mid,Synthwave #2 in Gm.mapped.Pre_Chorus.mid,Pre_Chorus,Drums and Velocity,0.4,0.5677440442214888,0.8207789423177485,0.503001512601499,0.33681860901940386,
Zilo.Pre_Chorus-Synthwave #6 in A.mapped.Pre_Chorus.DV_T04.mid,Zilo.Pre_Chorus.mid,Synthwave #6 in A.mapped.Pre_Chorus.mid,Pre_Chorus,Drums and Velocity,0.4,0.5109666695412707,0.7823232578580182,0.7935966227545607,0.47834726441727127,0.07652164912392712
Zilo.Pre_Chorus-Alternative Hip Hop #2 in G#m.mapped.Pre_Chorus.DV_T04.mid,Zilo.Pre_Chorus.mid,Alternative Hip Hop #2 in G#m.mapped.Pre_Chorus.mid,Pre_Chorus,Drums and Velocity,0.4,0.5417993641149564,0.4294124756472275,0.15895136964320966,0.3605749944845932,
Zilo.Pre_Chorus-Synthwave #5 in Am.mapped.Pre_Chorus.DV_T04.mid,Zilo.Pre_Chorus.mid,Synthwave #5 in Am.mapped.Pre_Chorus.mid,Pre_Chorus,Drums and Velocity,0.4,0.5097639228271279,0.7715865975015278,0.23706497794089076,0.6533702771890393,0.0
Zilo.Pre_Chorus-Synthwave #5 in Am.mapped.Pre_Chorus.D_T09.mid,Zilo.Pre_Chorus.mid,Synthwave #5 in Am.mapped.Pre_Chorus.mid,Pre_Chorus,Drums,0.9,0.48454687286583414,0.7660896640394204,0.1387419536151796,0.5115576270978172,0.404111929560244
Zilo.Pre_Chorus-Synthwave #3 in Bb.mapped.Pre_Chorus.D_T09.mid,Zilo.Pre_Chorus.mid,Synthwave #3 in Bb.mapped.Pre_Chorus.mid,Pre_Chorus,Drums,0.9,0.29625402397266426,0.19059606373408566,0.1574851970871779,0.5467268268018173,0.2703102529506449
Zilo.Pre_Chorus-Synthwave #6 in A.mapped.Pre_Chorus.D_T09.mid,Zilo.Pre_Chorus.mid,Synthwave #6 in A.mapped.Pre_Chorus.mid,Pre_Chorus,Drums,0.9,0.4805026867770007,0.8935041203301564,0.6466337899052912,0.652029352809506,0.0
Zilo.Pre_Chorus-Teen Pop #4 in Bb.mapped.Pre_Chorus.D_T09.mid,Zilo.Pre_Chorus.mid,Teen Pop #4 in Bb.mapped.Pre_Chorus.mid,Pre_Chorus,Drums,0.9,0.4586711476473841,0.8105035645037695,0.933357201007357,0.6777472671762592,0.10660035817780533
Zilo.Pre_Chorus-Synthwave #2 in Gm.mapped.Pre_Chorus.D_T09.mid,Zilo.Pre_Chorus.mid,Synthwave #2 in Gm.mapped.Pre_Chorus.mid,Pre_Chorus,Drums,0.9,0.4872959035960342,0.7231032808776895,0.578455981009241,0.365689797279501,
Zilo.Pre_Chorus-Synthwave #4 in Bb.mapped.Pre_Chorus.D_T09.mid,Zilo.Pre_Chorus.mid,Synthwave #4 in Bb.mapped.Pre_Chorus.mid,Pre_Chorus,Drums,0.9,0.4977002322843336,0.7910330203913257,0.6541839640729247,0.5961744015535662,0.0
Zilo.Pre_Chorus-Alternative Hip Hop #2 in G#m.mapped.Pre_Chorus.D_T09.mid,Zilo.Pre_Chorus.mid,Alternative Hip Hop #2 in G#m.mapped.Pre_Chorus.mid,Pre_Chorus,Drums,0.9,0.5019011259770931,0.7141511773002536,0.1344695937604794,0.4083787375808885,
Zilo.Pre_Chorus-Synthwave #2 in Gm.mapped.Pre_Chorus.D_T01.mid,Zilo.Pre_Chorus.mid,Synthwave #2 in Gm.mapped.Pre_Chorus.mid,Pre_Chorus,Drums,0.1,0.4913498125565207,0.7662268821277985,0.5661220647003546,0.36586726182568396,
Zilo.Pre_Chorus-Synthwave #5 in Am.mapped.Pre_Chorus.D_T01.mid,Zilo.Pre_Chorus.mid,Synthwave #5 in Am.mapped.Pre_Chorus.mid,Pre_Chorus,Drums,0.1,0.47182745430855916,0.7585934582202356,0.15319511781549477,0.44158285324168267,0.35355339059327373
Zilo.Pre_Chorus-Synthwave #3 in Bb.mapped.Pre_Chorus.D_T01.mid,Zilo.Pre_Chorus.mid,Synthwave #3 in Bb.mapped.Pre_Chorus.mid,Pre_Chorus,Drums,0.1,0.4398632116929979,0.680450955255055,0.513141828679803,0.6694138990727211,0.09644856443408245
Zilo.Pre_Chorus-Teen Pop #4 in Bb.mapped.Pre_Chorus.D_T01.mid,Zilo.Pre_Chorus.mid,Teen Pop #4 in Bb.mapped.Pre_Chorus.mid,Pre_Chorus,Drums,0.1,0.48929810048231037,0.8655348289769661,0.9482319119934863,0.681196728371347,0.4419417382415922
Zilo.Pre_Chorus-Synthwave #6 in A.mapped.Pre_Chorus.D_T01.mid,Zilo.Pre_Chorus.mid,Synthwave #6 in A.mapped.Pre_Chorus.mid,Pre_Chorus,Drums,0.1,0.4723977686021339,0.8624233105116592,0.6826828190582814,0.6498783154878922,0.0686802819743445
Zilo.Pre_Chorus-Synthwave #4 in Bb.mapped.Pre_Chorus.D_T01.mid,Zilo.Pre_Chorus.mid,Synthwave #4 in Bb.mapped.Pre_Chorus.mid,Pre_Chorus,Drums,0.1,0.47170699568499364,0.7317145074338011,0.6695297171851992,0.6399200400500502,0.0
Zilo.Pre_Chorus-Alternative Hip Hop #2 in G#m.mapped.Pre_Chorus.D_T01.mid,Zilo.Pre_Chorus.mid,Alternative Hip Hop #2 in G#m.mapped.Pre_Chorus.mid,Pre_Chorus,Drums,0.1,0.4589656291532192,0.6208226428727612,0.05942342294168601,0.5231388366621642,
Zilo.Pre_Chorus-Synthwave #5 in Am.mapped.Pre_Chorus.D_T06.mid,Zilo.Pre_Chorus.mid,Synthwave #5 in Am.mapped.Pre_Chorus.mid,Pre_Chorus,Drums,0.6,0.4895824230403029,0.7615297824666252,0.027202123405054013,0.6807408088920294,0.0
Zilo.Pre_Chorus-Teen Pop #4 in Bb.mapped.Pre_Chorus.D_T06.mid,Zilo.Pre_Chorus.mid,Teen Pop #4 in Bb.mapped.Pre_Chorus.mid,Pre_Chorus,Drums,0.6,0.5038620517701959,0.8512075663669406,0.9062108476718959,0.6505187427575317,0.4475717962746455
Zilo.Pre_Chorus-Synthwave #4 in Bb.mapped.Pre_Chorus.D_T06.mid,Zilo.Pre_Chorus.mid,Synthwave #4 in Bb.mapped.Pre_Chorus.mid,Pre_Chorus,Drums,0.6,0.5165432016081946,0.793022048525937,0.6624457880762925,0.5760750599701552,0.0
Zilo.Pre_Chorus-Synthwave #3 in Bb.mapped.Pre_Chorus.D_T06.mid,Zilo.Pre_Chorus.mid,Synthwave #3 in Bb.mapped.Pre_Chorus.mid,Pre_Chorus,Drums,0.6,0.3609358301880385,0.19048059796385142,0.17496355305594125,0.5663793758439141,0.0
Zilo.Pre_Chorus-Synthwave #2 in Gm.mapped.Pre_Chorus.D_T06.mid,Zilo.Pre_Chorus.mid,Synthwave #2 in Gm.mapped.Pre_Chorus.mid,Pre_Chorus,Drums,0.6,0.48034514947006446,0.7655903650209768,0.5537708868438911,0.3400999773861981,
Zilo.Pre_Chorus-Alternative Hip Hop #2 in G#m.mapped.Pre_Chorus.D_T06.mid,Zilo.Pre_Chorus.mid,Alternative Hip Hop #2 in G#m.mapped.Pre_Chorus.mid,Pre_Chorus,Drums,0.6,0.45135346605544635,0.6333048412322574,0.06653274719980184,0.509113547581194,
Zilo.Pre_Chorus-Synthwave #6 in A.mapped.Pre_Chorus.D_T06.mid,Zilo.Pre_Chorus.mid,Synthwave #6 in A.mapped.Pre_Chorus.mid,Pre_Chorus,Drums,0.6,0.4694343860233235,0.8645692573477528,0.5750478205092294,0.7608666112493329,0.4153040338414986
Zilo.Pre_Chorus-Synthwave #3 in Bb.mapped.Pre_Chorus.D_T025.mid,Zilo.Pre_Chorus.mid,Synthwave #3 in Bb.mapped.Pre_Chorus.mid,Pre_Chorus,Drums,0.25,0.4736505228657987,0.5518591425943703,0.3818434735335494,0.5882964070578437,0.09644856443408245
Zilo.Pre_Chorus-Teen Pop #4 in Bb.mapped.Pre_Chorus.D_T025.mid,Zilo.Pre_Chorus.mid,Teen Pop #4 in Bb.mapped.Pre_Chorus.mid,Pre_Chorus,Drums,0.25,0.49839512249126516,0.8597179525829024,0.9489513822990107,0.681693393214971,0.4419417382415922
Zilo.Pre_Chorus-Synthwave #6 in A.mapped.Pre_Chorus.D_T025.mid,Zilo.Pre_Chorus.mid,Synthwave #6 in A.mapped.Pre_Chorus.mid,Pre_Chorus,Drums,0.25,0.46940583375466555,0.8269549152608232,0.5406049066661013,0.7417000544233894,0.0686802819743445
Zilo.Pre_Chorus-Synthwave #5 in Am.mapped.Pre_Chorus.D_T025.mid,Zilo.Pre_Chorus.mid,Synthwave #5 in Am.mapped.Pre_Chorus.mid,Pre_Chorus,Drums,0.25,0.47945992374110324,0.7588984818401018,0.2094416854852862,0.43521989111383674,0.0
Zilo.Pre_Chorus-Synthwave #4 in Bb.mapped.Pre_Chorus.D_T025.mid,Zilo.Pre_Chorus.mid,Synthwave #4 in Bb.mapped.Pre_Chorus.mid,Pre_Chorus,Drums,0.25,0.4542783377105071,0.7219619901372075,0.6809386399105984,0.6490763641165544,0.0
Zilo.Pre_Chorus-Synthwave #2 in Gm.mapped.Pre_Chorus.D_T025.mid,Zilo.Pre_Chorus.mid,Synthwave #2 in Gm.mapped.Pre_Chorus.mid,Pre_Chorus,Drums,0.25,0.4888102056119945,0.7720510095886342,0.5661220647003546,0.36586726182568396,
Zilo.Pre_Chorus-Alternative Hip Hop #2 in G#m.mapped.Pre_Chorus.D_T025.mid,Zilo.Pre_Chorus.mid,Alternative Hip Hop #2 in G#m.mapped.Pre_Chorus.mid,Pre_Chorus,Drums,0.25,0.4614065905508112,0.6075331741992213,0.0513921665418271,0.4918375763747318,
Zilo.Pre_Chorus-Teen Pop #4 in Bb.mapped.Pre_Chorus.D_T04.mid,Zilo.Pre_Chorus.mid,Teen Pop #4 in Bb.mapped.Pre_Chorus.mid,Pre_Chorus,Drums,0.4,0.4859359913626758,0.8625002765592258,0.9464397505593523,0.681693393214971,0.4419417382415922
Zilo.Pre_Chorus-Synthwave #4 in Bb.mapped.Pre_Chorus.D_T04.mid,Zilo.Pre_Chorus.mid,Synthwave #4 in Bb.mapped.Pre_Chorus.mid,Pre_Chorus,Drums,0.4,0.4898561311001555,0.775474854013273,0.5512990590694887,0.5555323648531099,0.0
Zilo.Pre_Chorus-Synthwave #2 in Gm.mapped.Pre_Chorus.D_T04.mid,Zilo.Pre_Chorus.mid,Synthwave #2 in Gm.mapped.Pre_Chorus.mid,Pre_Chorus,Drums,0.4,0.48876506808307146,0.7716059209396235,0.546004465087851,0.3400999773861981,
Zilo.Pre_Chorus-Alternative Hip Hop #2 in G#m.mapped.Pre_Chorus.D_T04.mid,Zilo.Pre_Chorus.mid,Alternative Hip Hop #2 in G#m.mapped.Pre_Chorus.mid,Pre_Chorus,Drums,0.4,0.4735845350722531,0.5914132589744284,0.04539224449964174,0.4663495299214646,
Zilo.Pre_Chorus-Synthwave #5 in Am.mapped.Pre_Chorus.D_T04.mid,Zilo.Pre_Chorus.mid,Synthwave #5 in Am.mapped.Pre_Chorus.mid,Pre_Chorus,Drums,0.4,0.4823943512312075,0.7621204768683716,0.2082856270857898,0.4508117058438026,0.0
Zilo.Pre_Chorus-Synthwave #6 in A.mapped.Pre_Chorus.D_T04.mid,Zilo.Pre_Chorus.mid,Synthwave #6 in A.mapped.Pre_Chorus.mid,Pre_Chorus,Drums,0.4,0.4719969330232183,0.8338662715503206,0.5380623449000976,0.7232031839997355,0.0686802819743445
Zilo.Pre_Chorus-Synthwave #3 in Bb.mapped.Pre_Chorus.D_T04.mid,Zilo.Pre_Chorus.mid,Synthwave #3 in Bb.mapped.Pre_Chorus.mid,Pre_Chorus,Drums,0.4,0.41272615498567244,0.678070191942921,0.5050762722761054,0.6726077726323649,0.1398757212360472
Zilo.Chorus-Synthwave #3 in Bb.mapped.Chorus.DV_T09.mid,Zilo.Chorus.mid,Synthwave #3 in Bb.mapped.Chorus.mid,Chorus,Drums and Velocity,0.9,0.36822863378031473,0.7303261381218481,0.8029920500428374,0.40326579424735254,0.20252223119946178
Zilo.Chorus-Synthwave #5 in Am.mapped.Chorus.DV_T09.mid,Zilo.Chorus.mid,Synthwave #5 in Am.mapped.Chorus.mid,Chorus,Drums and Velocity,0.9,0.3981067285755961,0.6611992367947183,0.7960841035904815,0.5072908341399344,0.1660612413474699
Zilo.Chorus-Synthwave #2 in Gm.mapped.Chorus.DV_T09.mid,Zilo.Chorus.mid,Synthwave #2 in Gm.mapped.Chorus.mid,Chorus,Drums and Velocity,0.9,0.3797137176384976,0.754074053049909,0.6851747990429059,0.5879573471510997,0.13678822577626604
Zilo.Chorus-Synthwave #6 in A.mapped.Chorus.DV_T09.mid,Zilo.Chorus.mid,Synthwave #6 in A.mapped.Chorus.mid,Chorus,Drums and Velocity,0.9,0.41216550011880626,0.7529506801268202,0.5745377513692855,0.3843880033453688,
Zilo.Chorus-Alternative Hip Hop #2 in G#m.mapped.Chorus.DV_T09.mid,Zilo.Chorus.mid,Alternative Hip Hop #2 in G#m.mapped.Chorus.mid,Chorus,Drums and Velocity,0.9,0.35726678944566453,0.5115015283575661,0.6600895407097327,0.0681994339470473,
Zilo.Chorus-Teen Pop #4 in Bb.mapped.Chorus.DV_T09.mid,Zilo.Chorus.mid,Teen Pop #4 in Bb.mapped.Chorus.mid,Chorus,Drums and Velocity,0.9,0.34692051885209685,0.8006220118031647,0.8112894825273134,0.879943484250684,0.297408958257966
Zilo.Chorus-Synthwave #4 in Bb.mapped.Chorus.DV_T09.mid,Zilo.Chorus.mid,Synthwave #4 in Bb.mapped.Chorus.mid,Chorus,Drums and Velocity,0.9,0.38309236320581375,0.7333605191126078,0.3466368921768551,0.4917430703133274,0.2499999999999999
Zilo.Chorus-Synthwave #4 in Bb.mapped.Chorus.DV_T01.mid,Zilo.Chorus.mid,Synthwave #4 in Bb.mapped.Chorus.mid,Chorus,Drums and Velocity,0.1,0.34228088997538564,0.6812353611150624,0.2441813579933173,0.4402521631076033,0.2499999999999999
Zilo.Chorus-Synthwave #6 in A.mapped.Chorus.DV_T01.mid,Zilo.Chorus.mid,Synthwave #6 in A.mapped.Chorus.mid,Chorus,Drums and Velocity,0.1,0.2762102933725118,0.6080518818840078,0.6448514515237537,0.5121832704285857,
Zilo.Chorus-Alternative Hip Hop #2 in G#m.mapped.Chorus.DV_T01.mid,Zilo.Chorus.mid,Alternative Hip Hop #2 in G#m.mapped.Chorus.mid,Chorus,Drums and Velocity,0.1,0.0,,,,
Zilo.Chorus-Synthwave #5 in Am.mapped.Chorus.DV_T01.mid,Zilo.Chorus.mid,Synthwave #5 in Am.mapped.Chorus.mid,Chorus,Drums and Velocity,0.1,0.45695013852555116,0.6287978766656304,0.7932144461050373,0.4588490610774467,0.23488808780588133
Zilo.Chorus-Synthwave #2 in Gm.mapped.Chorus.DV_T01.mid,Zilo.Chorus.mid,Synthwave #2 in Gm.mapped.Chorus.mid,Chorus,Drums and Velocity,0.1,0.38575242427692286,0.7176142243566831,0.648784958694541,0.5534687191940826,0.0
Zilo.Chorus-Synthwave #3 in Bb.mapped.Chorus.DV_T01.mid,Zilo.Chorus.mid,Synthwave #3 in Bb.mapped.Chorus.mid,Chorus,Drums and Velocity,0.1,0.37000681671400537,0.7707112030295655,0.5981204736156436,0.448402189626564,0.0
Zilo.Chorus-Teen Pop #4 in Bb.mapped.Chorus.DV_T01.mid,Zilo.Chorus.mid,Teen Pop #4 in Bb.mapped.Chorus.mid,Chorus,Drums and Velocity,0.1,0.2741830933011447,0.6280465569844449,0.5027286815584955,0.7746136558242913,0.13682651021932446
Zilo.Chorus-Synthwave #6 in A.mapped.Chorus.DV_T06.mid,Zilo.Chorus.mid,Synthwave #6 in A.mapped.Chorus.mid,Chorus,Drums and Velocity,0.6,0.4646865213988143,0.7454474018783651,0.7137005596823053,0.5400941248513248,
Zilo.Chorus-Alternative Hip Hop #2 in G#m.mapped.Chorus.DV_T06.mid,Zilo.Chorus.mid,Alternative Hip Hop #2 in G#m.mapped.Chorus.mid,Chorus,Drums and Velocity,0.6,0.3814077938431964,0.4950524984286506,0.4845114560492163,0.15554275420956376,
Zilo.Chorus-Synthwave #4 in Bb.mapped.Chorus.DV_T06.mid,Zilo.Chorus.mid,Synthwave #4 in Bb.mapped.Chorus.mid,Chorus,Drums and Velocity,0.6,0.3719136190320231,0.6771817240328859,0.20625315258011157,0.33577010649725514,0.2499999999999999
Zilo.Chorus-Synthwave #5 in Am.mapped.Chorus.DV_T06.mid,Zilo.Chorus.mid,Synthwave #5 in Am.mapped.Chorus.mid,Chorus,Drums and Velocity,0.6,0.4342227182929205,0.6474519245033308,0.8301152639802599,0.514274568345037,0.16059101370939322
Zilo.Chorus-Teen Pop #4 in Bb.mapped.Chorus.DV_T06.mid,Zilo.Chorus.mid,Teen Pop #4 in Bb.mapped.Chorus.mid,Chorus,Drums and Velocity,0.6,0.3238979529354527,0.8597788198495308,0.7518348596709115,0.8681469546150968,0.38952691293714103
Zilo.Chorus-Synthwave #3 in Bb.mapped.Chorus.DV_T06.mid,Zilo.Chorus.mid,Synthwave #3 in Bb.mapped.Chorus.mid,Chorus,Drums and Velocity,0.6,0.3743371174795519,0.7251195812301069,0.7331935728039097,0.42757161992627835,0.0
Zilo.Chorus-Synthwave #2 in Gm.mapped.Chorus.DV_T06.mid,Zilo.Chorus.mid,Synthwave #2 in Gm.mapped.Chorus.mid,Chorus,Drums and Velocity,0.6,0.3702332904608897,0.7474747264847346,0.7182233781486025,0.5833868637957182,0.3796631983009997
Zilo.Chorus-Synthwave #2 in Gm.mapped.Chorus.DV_T025.mid,Zilo.Chorus.mid,Synthwave #2 in Gm.mapped.Chorus.mid,Chorus,Drums and Velocity,0.25,0.3794400288331764,0.7714033729404637,0.7165543291682386,0.4505334990331813,0.0
Zilo.Chorus-Synthwave #6 in A.mapped.Chorus.DV_T025.mid,Zilo.Chorus.mid,Synthwave #6 in A.mapped.Chorus.mid,Chorus,Drums and Velocity,0.25,0.3406550347809115,0.6338649922654815,0.3202741657103514,0.52706303246037,
Zilo.Chorus-Synthwave #3 in Bb.mapped.Chorus.DV_T025.mid,Zilo.Chorus.mid,Synthwave #3 in Bb.mapped.Chorus.mid,Chorus,Drums and Velocity,0.25,0.37908544440057784,0.7188728556952211,0.6765898604716365,0.5333335924526356,0.4783306688894502
Zilo.Chorus-Synthwave #5 in Am.mapped.Chorus.DV_T025.mid,Zilo.Chorus.mid,Synthwave #5 in Am.mapped.Chorus.mid,Chorus,Drums and Velocity,0.25,0.4219436756796082,0.697052201587068,0.8010058343824,0.4931317981484573,0.142313613392964
Zilo.Chorus-Teen Pop #4 in Bb.mapped.Chorus.DV_T025.mid,Zilo.Chorus.mid,Teen Pop #4 in Bb.mapped.Chorus.mid,Chorus,Drums and Velocity,0.25,0.30098572237363275,0.8480034747805191,0.8316677394126385,0.8850272169449862,0.21683083418179783
Zilo.Chorus-Synthwave #4 in Bb.mapped.Chorus.DV_T025.mid,Zilo.Chorus.mid,Synthwave #4 in Bb.mapped.Chorus.mid,Chorus,Drums and Velocity,0.25,0.37016716529744725,0.6857975552969097,0.24772473663741879,0.3249946344726151,0.2499999999999999
Zilo.Chorus-Alternative Hip Hop #2 in G#m.mapped.Chorus.DV_T025.mid,Zilo.Chorus.mid,Alternative Hip Hop #2 in G#m.mapped.Chorus.mid,Chorus,Drums and Velocity,0.25,0.0,0.4380948407304832,0.09782319760890368,0.0,
Zilo.Chorus-Synthwave #5 in Am.mapped.Chorus.DV_T04.mid,Zilo.Chorus.mid,Synthwave #5 in Am.mapped.Chorus.mid,Chorus,Drums and Velocity,0.4,0.323512904355327,0.6066428703200595,0.7138802102201656,0.3706515178832934,0.127775312999988
Zilo.Chorus-Synthwave #3 in Bb.mapped.Chorus.DV_T04.mid,Zilo.Chorus.mid,Synthwave #3 in Bb.mapped.Chorus.mid,Chorus,Drums and Velocity,0.4,0.3783602628120458,0.7626466552983963,0.6502264453351005,0.4039400138008846,0.10254303654983887
Zilo.Chorus-Synthwave #4 in Bb.mapped.Chorus.DV_T04.mid,Zilo.Chorus.mid,Synthwave #4 in Bb.mapped.Chorus.mid,Chorus,Drums and Velocity,0.4,0.3659001065553003,0.673503008132071,0.18768720181709297,0.2984080624926504,0.2499999999999999
Zilo.Chorus-Teen Pop #4 in Bb.mapped.Chorus.DV_T04.mid,Zilo.Chorus.mid,Teen Pop #4 in Bb.mapped.Chorus.mid,Chorus,Drums and Velocity,0.4,0.3317229646588584,0.844876216052065,0.8333519215634901,0.8359645345078334,0.34821729986023775
Zilo.Chorus-Synthwave #2 in Gm.mapped.Chorus.DV_T04.mid,Zilo.Chorus.mid,Synthwave #2 in Gm.mapped.Chorus.mid,Chorus,Drums and Velocity,0.4,0.3926357160785428,0.7635826906263172,0.7160993383725794,0.5593221315462708,0.0
Zilo.Chorus-Synthwave #6 in A.mapped.Chorus.DV_T04.mid,Zilo.Chorus.mid,Synthwave #6 in A.mapped.Chorus.mid,Chorus,Drums and Velocity,0.4,0.43795909675772765,0.628441653090542,0.633596086338091,0.38421021280903545,
Zilo.Chorus-Alternative Hip Hop #2 in G#m.mapped.Chorus.DV_T04.mid,Zilo.Chorus.mid,Alternative Hip Hop #2 in G#m.mapped.Chorus.mid,Chorus,Drums and Velocity,0.4,0.10503859479208096,0.5365693370589141,0.13585002385551792,0.05986843400892494,
Zilo.Chorus-Synthwave #4 in Bb.mapped.Chorus.D_T09.mid,Zilo.Chorus.mid,Synthwave #4 in Bb.mapped.Chorus.mid,Chorus,Drums,0.9,0.39376737990788896,0.7577849008230587,0.40267760839832056,0.0,0.13608276348795434
Zilo.Chorus-Teen Pop #4 in Bb.mapped.Chorus.D_T09.mid,Zilo.Chorus.mid,Teen Pop #4 in Bb.mapped.Chorus.mid,Chorus,Drums,0.9,0.3865624179614611,0.8944515874494111,0.8498164922126704,0.680622683111253,0.3667051799130451
Zilo.Chorus-Synthwave #2 in Gm.mapped.Chorus.D_T09.mid,Zilo.Chorus.mid,Synthwave #2 in Gm.mapped.Chorus.mid,Chorus,Drums,0.9,0.36229293846548327,0.7092985615766643,0.6903724949615171,0.571659160961603,0.32723066175551085
Zilo.Chorus-Synthwave #3 in Bb.mapped.Chorus.D_T09.mid,Zilo.Chorus.mid,Synthwave #3 in Bb.mapped.Chorus.mid,Chorus,Drums,0.9,0.45043774889116617,0.7278198216537419,0.8117026293855283,0.6923788984449237,0.0
Zilo.Chorus-Synthwave #6 in A.mapped.Chorus.D_T09.mid,Zilo.Chorus.mid,Synthwave #6 in A.mapped.Chorus.mid,Chorus,Drums,0.9,0.48448249095280016,0.7520534792765645,0.6061984243953261,0.6133729190018086,
Zilo.Chorus-Synthwave #5 in Am.mapped.Chorus.D_T09.mid,Zilo.Chorus.mid,Synthwave #5 in Am.mapped.Chorus.mid,Chorus,Drums,0.9,0.4095365827529716,0.5980244787027899,0.8951926424700809,0.4025254922826562,0.15978387913330938
Zilo.Chorus-Alternative Hip Hop #2 in G#m.mapped.Chorus.D_T09.mid,Zilo.Chorus.mid,Alternative Hip Hop #2 in G#m.mapped.Chorus.mid,Chorus,Drums,0.9,0.42501945919054596,0.5186404087302835,0.22950320031694016,0.14563122302406006,
Zilo.Chorus-Synthwave #4 in Bb.mapped.Chorus.D_T01.mid,Zilo.Chorus.mid,Synthwave #4 in Bb.mapped.Chorus.mid,Chorus,Drums,0.1,0.38345935560922617,0.6435989232256669,0.12097218974338864,0.0,
Zilo.Chorus-Synthwave #5 in Am.mapped.Chorus.D_T01.mid,Zilo.Chorus.mid,Synthwave #5 in Am.mapped.Chorus.mid,Chorus,Drums,0.1,0.3022395867168724,0.695403548074317,0.9059897150304562,0.5117392404703759,0.11180339887498958
Zilo.Chorus-Alternative Hip Hop #2 in G#m.mapped.Chorus.D_T01.mid,Zilo.Chorus.mid,Alternative Hip Hop #2 in G#m.mapped.Chorus.mid,Chorus,Drums,0.1,0.40276801024013587,0.34948898900972625,0.6505242640992095,0.15396007178390014,
Zilo.Chorus-Synthwave #6 in A.mapped.Chorus.D_T01.mid,Zilo.Chorus.mid,Synthwave #6 in A.mapped.Chorus.mid,Chorus,Drums,0.1,0.40862473577991826,0.7010933625994861,0.6397379500746785,0.7135509198967234,
Zilo.Chorus-Synthwave #3 in Bb.mapped.Chorus.D_T01.mid,Zilo.Chorus.mid,Synthwave #3 in Bb.mapped.Chorus.mid,Chorus,Drums,0.1,0.41281829221691496,0.8098678821304811,0.5872748193463461,0.6722496304570851,0.0
Zilo.Chorus-Teen Pop #4 in Bb.mapped.Chorus.D_T01.mid,Zilo.Chorus.mid,Teen Pop #4 in Bb.mapped.Chorus.mid,Chorus,Drums,0.1,0.34763968007077173,0.846207548405892,0.835179506611154,0.6295984028592172,0.4314776402434972
Zilo.Chorus-Synthwave #2 in Gm.mapped.Chorus.D_T01.mid,Zilo.Chorus.mid,Synthwave #2 in Gm.mapped.Chorus.mid,Chorus,Drums,0.1,0.35493299788522076,0.7156333607171063,0.683120457903803,0.595486047329621,0.09491579957524998
Zilo.Chorus-Synthwave #4 in Bb.mapped.Chorus.D_T06.mid,Zilo.Chorus.mid,Synthwave #4 in Bb.mapped.Chorus.mid,Chorus,Drums,0.6,0.40019528730508275,0.7387797896005379,0.326828634539012,0.0,
Zilo.Chorus-Synthwave #2 in Gm.mapped.Chorus.D_T06.mid,Zilo.Chorus.mid,Synthwave #2 in Gm.mapped.Chorus.mid,Chorus,Drums,0.6,0.36994989200332684,0.7172554332864333,0.78320350680367,0.5575694219763414,0.11277677488692028
Zilo.Chorus-Synthwave #5 in Am.mapped.Chorus.D_T06.mid,Zilo.Chorus.mid,Synthwave #5 in Am.mapped.Chorus.mid,Chorus,Drums,0.6,0.397813437388073,0.6570739304994232,0.8763669343237649,0.4191974395829935,0.11777038258279793
Zilo.Chorus-Teen Pop #4 in Bb.mapped.Chorus.D_T06.mid,Zilo.Chorus.mid,Teen Pop #4 in Bb.mapped.Chorus.mid,Chorus,Drums,0.6,0.34137561235752323,0.885719289343923,0.8292810405961596,0.6383725127654712,0.4328526528378174
Zilo.Chorus-Synthwave #6 in A.mapped.Chorus.D_T06.mid,Zilo.Chorus.mid,Synthwave #6 in A.mapped.Chorus.mid,Chorus,Drums,0.6,0.4224553872691277,0.7213807828235809,0.6734707776833045,0.7041985061431583,
Zilo.Chorus-Synthwave #3 in Bb.mapped.Chorus.D_T06.mid,Zilo.Chorus.mid,Synthwave #3 in Bb.mapped.Chorus.mid,Chorus,Drums,0.6,0.38426075020551603,0.6860494198103797,0.8038855996500307,0.7264080388147981,0.0
Zilo.Chorus-Alternative Hip Hop #2 in G#m.mapped.Chorus.D_T06.mid,Zilo.Chorus.mid,Alternative Hip Hop #2 in G#m.mapped.Chorus.mid,Chorus,Drums,0.6,0.42958910545146317,0.4478682377254207,0.7039694072923872,0.14531664889740392,
Zilo.Chorus-Alternative Hip Hop #2 in G#m.mapped.Chorus.D_T025.mid,Zilo.Chorus.mid,Alternative Hip Hop #2 in G#m.mapped.Chorus.mid,Chorus,Drums,0.25,0.3758918135335236,0.3969903195704525,0.5006239572732802,0.1617621863383557,
Zilo.Chorus-Synthwave #6 in A.mapped.Chorus.D_T025.mid,Zilo.Chorus.mid,Synthwave #6 in A.mapped.Chorus.mid,Chorus,Drums,0.25,0.3945722238448975,0.7153377338636931,0.6564280367070277,0.6923034127208986,
Zilo.Chorus-Synthwave #5 in Am.mapped.Chorus.D_T025.mid,Zilo.Chorus.mid,Synthwave #5 in Am.mapped.Chorus.mid,Chorus,Drums,0.25,0.30147618010187527,0.6757362377950634,0.903696643259673,0.5246939649303521,0.11180339887498958
Zilo.Chorus-Synthwave #2 in Gm.mapped.Chorus.D_T025.mid,Zilo.Chorus.mid,Synthwave #2 in Gm.mapped.Chorus.mid,Chorus,Drums,0.25,0.35267729042022344,0.7241024483692701,0.7651683861506885,0.546288113889897,0.09491579957524998
Zilo.Chorus-Synthwave #4 in Bb.mapped.Chorus.D_T025.mid,Zilo.Chorus.mid,Synthwave #4 in Bb.mapped.Chorus.mid,Chorus,Drums,0.25,0.37762383663769944,0.6691353786745365,0.13225464309310953,0.0,
Zilo.Chorus-Synthwave #3 in Bb.mapped.Chorus.D_T025.mid,Zilo.Chorus.mid,Synthwave #3 in Bb.mapped.Chorus.mid,Chorus,Drums,0.25,0.43594700078264725,0.6561667343728611,0.6837300133890192,0.737441045680139,0.0
Zilo.Chorus-Teen Pop #4 in Bb.mapped.Chorus.D_T025.mid,Zilo.Chorus.mid,Teen Pop #4 in Bb.mapped.Chorus.mid,Chorus,Drums,0.25,0.3483493177485255,0.8539687929554829,0.8244736955231808,0.6283774642266321,0.4405623762795452
Zilo.Chorus-Synthwave #3 in Bb.mapped.Chorus.D_T04.mid,Zilo.Chorus.mid,Synthwave #3 in Bb.mapped.Chorus.mid,Chorus,Drums,0.4,0.40608519560090917,0.6222618281260412,0.6895654426468888,0.744258394209288,0.0
Zilo.Chorus-Alternative Hip Hop #2 in G#m.mapped.Chorus.D_T04.mid,Zilo.Chorus.mid,Alternative Hip Hop #2 in G#m.mapped.Chorus.mid,Chorus,Drums,0.4,0.44160196558523535,0.3288960763826514,0.6962549820334909,0.13437096247164237,
Zilo.Chorus-Synthwave #2 in Gm.mapped.Chorus.D_T04.mid,Zilo.Chorus.mid,Synthwave #2 in Gm.mapped.Chorus.mid,Chorus,Drums,0.4,0.3464326915102071,0.7166343839877075,0.7690316861673678,0.6140111586828478,0.10269923319261942
Zilo.Chorus-Teen Pop #4 in Bb.mapped.Chorus.D_T04.mid,Zilo.Chorus.mid,Teen Pop #4 in Bb.mapped.Chorus.mid,Chorus,Drums,0.4,0.37959719262420955,0.8630799388653214,0.8380636747890194,0.6128258770283409,0.4405623762795452
Zilo.Chorus-Synthwave #5 in Am.mapped.Chorus.D_T04.mid,Zilo.Chorus.mid,Synthwave #5 in Am.mapped.Chorus.mid,Chorus,Drums,0.4,0.4099738226186462,0.6610825106729636,0.8437249021522721,0.46067097019893044,0.12339191184909326
Zilo.Chorus-Synthwave #6 in A.mapped.Chorus.D_T04.mid,Zilo.Chorus.mid,Synthwave #6 in A.mapped.Chorus.mid,Chorus,Drums,0.4,0.3908980924874893,0.7221692090816023,0.6593957019320746,0.6755139086000799,
Zilo.Chorus-Synthwave #4 in Bb.mapped.Chorus.D_T04.mid,Zilo.Chorus.mid,Synthwave #4 in Bb.mapped.Chorus.mid,Chorus,Drums,0.4,0.39392060309257787,0.6477754898480644,0.11345653789298804,0.0,
